Đang quét các instance đã checkout để tìm các graph cần build...
Tìm thấy 376 phiên bản code (commit) khác nhau cần build graph.
\nĐang build Graph cho: 
sympy__sympy|python|4c8a8590be682e74ec91ab217c646baa4686a255
Path: data/swebench_checkouts/sympy__sympy/sympy__sympy-11232
doc/ext/docscrape.py:287: SyntaxWarning: invalid escape sequence '\w'
doc/ext/docscrape.py:341: SyntaxWarning: invalid escape sequence '\*'
doc/ext/docscrape.py:469: SyntaxWarning: invalid escape sequence '\*'
doc/ext/docscrape.py:487: SyntaxWarning: invalid escape sequence '\*'
examples/intermediate/mplot2d.py:23: SyntaxWarning: invalid escape sequence '\S'
examples/intermediate/mplot3d.py:22: SyntaxWarning: invalid escape sequence '\S'
examples/intermediate/sample.py:1: SyntaxWarning: invalid escape sequence '\m'
examples/intermediate/sample.py:13: SyntaxWarning: invalid escape sequence '\m'
examples/intermediate/sample.py:44: SyntaxWarning: invalid escape sequence '\m'
examples/intermediate/vandermonde.py:121: SyntaxWarning: invalid escape sequence '\s'
examples/intermediate/vandermonde.py:128: SyntaxWarning: invalid escape sequence '\s'
sympy/calculus/util.py:458: SyntaxWarning: invalid escape sequence '\l'
  if symbol.kind is not NumberKind:
sympy/combinatorics/fp_groups.py:860: SyntaxWarning: invalid escape sequence '\l'
  >>> first_in_class(C)
sympy/combinatorics/perm_groups.py:1124: SyntaxWarning: invalid escape sequence '\i'
  """
sympy/combinatorics/perm_groups.py:1614: SyntaxWarning: invalid escape sequence '\{'
  >>> from sympy.combinatorics import Permutation, PermutationGroup
sympy/combinatorics/perm_groups.py:2839: SyntaxWarning: invalid escape sequence '\{'
  
sympy/combinatorics/perm_groups.py:3123: SyntaxWarning: invalid escape sequence '\O'
  order."""
sympy/combinatorics/util.py:119: SyntaxWarning: invalid escape sequence '\i'
  r"""
sympy/concrete/expr_with_intlimits.py:16: SyntaxWarning: invalid escape sequence '\m'
  
sympy/core/evalf.py:1464: SyntaxWarning: invalid escape sequence '\*'
  x : Expr
sympy/core/expr.py:2228: SyntaxWarning: invalid escape sequence '\*'
  """Return the expression as a fraction.
sympy/core/facts.py:3: SyntaxWarning: invalid escape sequence '\_'
  The whole thing is split into two parts
sympy/core/function.py:1765: SyntaxWarning: invalid escape sequence '\s'
  
sympy/core/symbol.py:333: SyntaxWarning: invalid escape sequence '\,'
  
sympy/core/symbol.py:452: SyntaxWarning: invalid escape sequence '\,'
  def as_set(self):
sympy/core/symbol.py:452: SyntaxWarning: invalid escape sequence '\:'
  def as_set(self):
sympy/core/symbol.py:452: SyntaxWarning: invalid escape sequence '\ '
  def as_set(self):
sympy/crypto/crypto.py:347: SyntaxWarning: invalid escape sequence '\9'
  
sympy/crypto/crypto.py:1744: SyntaxWarning: invalid escape sequence '\e'
  
sympy/crypto/crypto.py:1815: SyntaxWarning: invalid escape sequence '\e'
  (3233, 413)
sympy/crypto/crypto.py:1909: SyntaxWarning: invalid escape sequence '\p'
  
sympy/diffgeom/diffgeom.py:676: SyntaxWarning: invalid escape sequence '\|'
  >>> from sympy.diffgeom.rn import R2_r, R2_p
sympy/functions/elementary/exponential.py:457: SyntaxWarning: invalid escape sequence '\l'
  return arg2.is_even
sympy/functions/elementary/exponential.py:481: SyntaxWarning: invalid escape sequence '\l'
  def _eval_nseries(self, x, n, logx, cdir=0):
sympy/functions/elementary/exponential.py:575: SyntaxWarning: invalid escape sequence '\l'
  cosine, sine = cos(pi*coeff), sin(pi*coeff)
sympy/functions/elementary/exponential.py:755: SyntaxWarning: invalid escape sequence '\e'
  if coeff.is_negative:
sympy/functions/elementary/trigonometric.py:2418: SyntaxWarning: invalid escape sequence '\s'
  return S.ComplexInfinity
sympy/holonomic/holonomic.py:1860: SyntaxWarning: invalid escape sequence '\c'
  x = self.x
sympy/integrals/meijerint.py:720: SyntaxWarning: invalid escape sequence '\i'
  return (m[p] > 0)
sympy/integrals/meijerint.py:837: SyntaxWarning: invalid escape sequence '\i'
  case2 = [And(Eq(n, 0), p + 1 <= m, m <= q,
sympy/integrals/meijerint.py:2008: SyntaxWarning: invalid escape sequence '\i'
  
sympy/integrals/prde.py:578: SyntaxWarning: invalid escape sequence '\ '
  qq, M = poly_linear_constraints(q, d)
sympy/integrals/prde.py:684: SyntaxWarning: invalid escape sequence '\ '
  q, M = prde_linear_constraints(a, b, g, DE)
sympy/integrals/rationaltools.py:173: SyntaxWarning: invalid escape sequence '\ '
  B = Poly(B_coeffs, x, domain=ZZ[C_coeffs])
sympy/integrals/rationaltools.py:304: SyntaxWarning: invalid escape sequence '\ '
  
sympy/integrals/transforms.py:1715: SyntaxWarning: invalid escape sequence '\i'
sympy/interactive/printing.py:245: SyntaxWarning: invalid escape sequence '\/'
  if cls in svg_formatter.type_printers:
sympy/interactive/session.py:316: SyntaxWarning: invalid escape sequence '\/'
  There are a few different settings for this parameter:
sympy/logic/utilities/dimacs.py:35: SyntaxWarning: invalid escape sequence '\s'
  
sympy/matrices/dense.py:1000: SyntaxWarning: invalid escape sequence '\*'
  [90, 26]
sympy/matrices/matrices.py:401: SyntaxWarning: invalid escape sequence '\m'
  eigenvects.__doc__                 = _eigenvects.__doc__
sympy/ntheory/factor_.py:1529: SyntaxWarning: invalid escape sequence '\p'
  b, fermat = sqrtrem(b2)
sympy/ntheory/factor_.py:1572: SyntaxWarning: invalid escape sequence '\l'
  if n > 1:
sympy/ntheory/factor_.py:1620: SyntaxWarning: invalid escape sequence '\s'
  # Use pollard algorithms for finding small factors for 3 iterations
sympy/ntheory/factor_.py:1686: SyntaxWarning: invalid escape sequence '\p'
  return factorlist
sympy/ntheory/factor_.py:1783: SyntaxWarning: invalid escape sequence '\s'
  
sympy/parsing/maxima.py:33: SyntaxWarning: invalid escape sequence '\^'
  'I': re.compile(r'%i'),
sympy/parsing/maxima.py:47: SyntaxWarning: invalid escape sequence '\s'
  
sympy/physics/mechanics/models.py:14: SyntaxWarning: invalid escape sequence '\ '
  spring, damper system with optional gravitational and external
sympy/physics/mechanics/models.py:113: SyntaxWarning: invalid escape sequence '\ '
  r"""Returns the system containing the symbolic first order equations of
sympy/physics/quantum/cg.py:151: SyntaxWarning: invalid escape sequence '\l'
  self.m1, self.m2, self.m3))
sympy/physics/quantum/spin.py:690: SyntaxWarning: invalid escape sequence '\g'
  
sympy/physics/quantum/state.py:937: SyntaxWarning: invalid escape sequence '\p'
  curr_limits = limits[v]
sympy/polys/agca/homomorphisms.py:419: SyntaxWarning: invalid escape sequence '\d'
  >>> from sympy import QQ
sympy/polys/agca/ideals.py:203: SyntaxWarning: invalid escape sequence '\i'
  Examples
sympy/polys/distributedmodules.py:79: SyntaxWarning: invalid escape sequence '\l'
  Return the "least common multiple" of ``A`` and ``B``.
sympy/polys/domains/domain.py:388: SyntaxWarning: invalid escape sequence '\d'
  if base.alias is not None:
sympy/polys/fglmtools.py:106: SyntaxWarning: invalid escape sequence '\m'
  x_i m` for all variables `x_i`.
sympy/polys/fglmtools.py:132: SyntaxWarning: invalid escape sequence '\l'
  monomials wrt to ``O`` of ``G``. These monomials are a basis of
sympy/polys/polyoptions.py:405: SyntaxWarning: invalid escape sequence '\d'
  after = ['gens']
sympy/polys/polyoptions.py:406: SyntaxWarning: invalid escape sequence '\d'
  
sympy/polys/polyoptions.py:407: SyntaxWarning: invalid escape sequence '\('
  _re_realfield = re.compile(r"^(R|RR)(_(\d+))?$")
sympy/polys/polyoptions.py:408: SyntaxWarning: invalid escape sequence '\['
  _re_complexfield = re.compile(r"^(C|CC)(_(\d+))?$")
sympy/polys/polyoptions.py:409: SyntaxWarning: invalid escape sequence '\('
  _re_finitefield = re.compile(r"^(FF|GF)\((\d+)\)$")
sympy/polys/polyoptions.py:410: SyntaxWarning: invalid escape sequence '\<'
  _re_polynomial = re.compile(r"^(Z|ZZ|Q|QQ|ZZ_I|QQ_I|R|RR|C|CC)\[(.+)\]$")
sympy/polys/ring_series.py:565: SyntaxWarning: invalid escape sequence '\_'
  i, j = t
sympy/polys/ring_series.py:578: SyntaxWarning: invalid escape sequence '\_'
  Reversion of a series.
sympy/polys/ring_series.py:791: SyntaxWarning: invalid escape sequence '\_'
  
sympy/polys/ring_series.py:846: SyntaxWarning: invalid escape sequence '\_'
  a = sorted(q.items())
sympy/polys/ring_series.py:1082: SyntaxWarning: invalid escape sequence '\_'
  R = p.ring
sympy/polys/ring_series.py:1265: SyntaxWarning: invalid escape sequence '\_'
  
sympy/polys/ring_series.py:1525: SyntaxWarning: invalid escape sequence '\_'
  one = R(1)
sympy/polys/ring_series.py:1662: SyntaxWarning: invalid escape sequence '\_'
  if not p:
sympy/printing/latex.py:636: SyntaxWarning: invalid escape sequence '\o'
  if expr.is_aliased:
sympy/printing/latex.py:654: SyntaxWarning: invalid escape sequence '\s'
  base = self._print(expr.base)
sympy/printing/latex.py:1372: SyntaxWarning: invalid escape sequence '\d'
  
sympy/printing/latex.py:1402: SyntaxWarning: invalid escape sequence '\c'
  
sympy/printing/latex.py:1530: SyntaxWarning: invalid escape sequence '\l'
  n, x = map(self._print, expr.args)
sympy/printing/latex.py:1534: SyntaxWarning: invalid escape sequence '\l'
  return tex
sympy/printing/latex.py:1623: SyntaxWarning: invalid escape sequence '\l'
  return r"O\left(%s\right)" % s
sympy/printing/pretty/pretty.py:488: SyntaxWarning: invalid escape sequence '\%'
  pform = prettyForm(*pform.below(prettyA))
sympy/printing/pretty/pretty.py:1583: SyntaxWarning: invalid escape sequence '\ '
  right=')'):
sympy/printing/pretty/pretty_symbology.py:576: SyntaxWarning: invalid escape sequence '\_'
  
sympy/printing/str.py:677: SyntaxWarning: invalid escape sequence '\ '
  def _print_Integer(self, expr):
sympy/printing/tableform.py:10: SyntaxWarning: invalid escape sequence '\e'
  r"""
sympy/series/formal.py:187: SyntaxWarning: invalid escape sequence '\s'
  ind = terms[0:1]
sympy/series/order.py:328: SyntaxWarning: invalid escape sequence '\*'
  return tuple(x[0] for x in self.args[1:])
sympy/series/sequences.py:297: SyntaxWarning: invalid escape sequence '\l'
  start = 0
sympy/series/sequences.py:913: SyntaxWarning: invalid escape sequence '\*'
  
sympy/sets/sets.py:171: SyntaxWarning: invalid escape sequence '\ '
  ========
sympy/sets/sets.py:1577: SyntaxWarning: invalid escape sequence '\{'
  def _sup(self):
sympy/simplify/radsimp.py:631: SyntaxWarning: invalid escape sequence '\/'
  """A non-greedy collection of terms with similar number coefficients in
sympy/simplify/ratsimp.py:107: SyntaxWarning: invalid escape sequence '\e'
  the sum of the total degrees of the numerator and the denominator.
sympy/solvers/diophantine.py:1188: SyntaxWarning: invalid escape sequence '\g'
sympy/solvers/diophantine.py:1250: SyntaxWarning: invalid escape sequence '\s'
sympy/solvers/diophantine.py:1310: SyntaxWarning: invalid escape sequence '\s'
sympy/solvers/diophantine.py:1436: SyntaxWarning: invalid escape sequence '\s'
sympy/solvers/diophantine.py:2174: SyntaxWarning: invalid escape sequence '\ '
sympy/solvers/diophantine.py:2337: SyntaxWarning: invalid escape sequence '\e'
sympy/solvers/diophantine.py:2378: SyntaxWarning: invalid escape sequence '\e'
sympy/solvers/diophantine.py:2389: SyntaxWarning: invalid escape sequence '\c'
sympy/solvers/diophantine.py:2399: SyntaxWarning: invalid escape sequence '\g'
sympy/solvers/diophantine.py:2527: SyntaxWarning: invalid escape sequence '\i'
sympy/solvers/diophantine.py:2754: SyntaxWarning: invalid escape sequence '\g'
sympy/solvers/diophantine.py:2833: SyntaxWarning: invalid escape sequence '\g'
sympy/solvers/recurr.py:1: SyntaxWarning: invalid escape sequence '\d'
  r"""
sympy/solvers/recurr.py:72: SyntaxWarning: invalid escape sequence '\o'
  `k` with polynomial coefficients and inhomogeneous equation
sympy/solvers/recurr.py:350: SyntaxWarning: invalid escape sequence '\o'
  else:
sympy/solvers/recurr.py:461: SyntaxWarning: invalid escape sequence '\o'
  else:
sympy/solvers/recurr.py:663: SyntaxWarning: invalid escape sequence '\o'
  
sympy/solvers/solvers.py:358: SyntaxWarning: invalid escape sequence '\ '
  # returns None if it can't conclude
sympy/solvers/solveset.py:39: SyntaxWarning: invalid escape sequence '\_'
  asinh, acosh, atanh, acoth, asech, acsch)
sympy/solvers/solveset.py:726: SyntaxWarning: invalid escape sequence '\_'
  The given equation belongs to the given function class if it is
sympy/stats/error_prop.py:12: SyntaxWarning: invalid escape sequence '\s'
  from sympy.stats.symbolic_probability import RandomSymbol, Variance, Covariance
sympy/stats/rv.py:469: SyntaxWarning: invalid escape sequence '\/'
  if isinstance(condition, Ne):
sympy/tensor/indexed.py:1: SyntaxWarning: invalid escape sequence '\_'
  r"""Module that defines indexed objects.
sympy/utilities/misc.py:25: SyntaxWarning: invalid escape sequence '\ '
  start with a newline after the initial triple quote, inserting an empty
sympy/utilities/runtests.py:530: SyntaxWarning: invalid escape sequence '\*'
sympy/utilities/runtests.py:1317: SyntaxWarning: invalid escape sequence '\*'
sympy/utilities/runtests.py:1564: SyntaxWarning: invalid escape sequence '\d'
sympy/utilities/runtests.py:1772: SyntaxWarning: invalid escape sequence '\s'
sympy/utilities/runtests.py:1776: SyntaxWarning: invalid escape sequence '\s'
sympy/vector/dyadic.py:260: SyntaxWarning: invalid escape sequence '\m'
  def _sympystr(self, printer):
sympy/vector/vector.py:453: SyntaxWarning: invalid escape sequence '\m'
  raise TypeError("system should be a CoordSys3D")
<unknown>:287: SyntaxWarning: invalid escape sequence '\w'
<unknown>:341: SyntaxWarning: invalid escape sequence '\*'
<unknown>:469: SyntaxWarning: invalid escape sequence '\*'
<unknown>:487: SyntaxWarning: invalid escape sequence '\*'
<unknown>:23: SyntaxWarning: invalid escape sequence '\S'
<unknown>:22: SyntaxWarning: invalid escape sequence '\S'
<unknown>:1: SyntaxWarning: invalid escape sequence '\m'
<unknown>:13: SyntaxWarning: invalid escape sequence '\m'
<unknown>:44: SyntaxWarning: invalid escape sequence '\m'
<unknown>:121: SyntaxWarning: invalid escape sequence '\s'
<unknown>:128: SyntaxWarning: invalid escape sequence '\s'
<unknown>:458: SyntaxWarning: invalid escape sequence '\l'
<unknown>:860: SyntaxWarning: invalid escape sequence '\l'
<unknown>:1124: SyntaxWarning: invalid escape sequence '\i'
<unknown>:1614: SyntaxWarning: invalid escape sequence '\{'
<unknown>:2839: SyntaxWarning: invalid escape sequence '\{'
<unknown>:3123: SyntaxWarning: invalid escape sequence '\O'
<unknown>:119: SyntaxWarning: invalid escape sequence '\i'
<unknown>:16: SyntaxWarning: invalid escape sequence '\m'
<unknown>:1464: SyntaxWarning: invalid escape sequence '\*'
<unknown>:2228: SyntaxWarning: invalid escape sequence '\*'
<unknown>:3: SyntaxWarning: invalid escape sequence '\_'
<unknown>:1765: SyntaxWarning: invalid escape sequence '\s'
<unknown>:333: SyntaxWarning: invalid escape sequence '\,'
<unknown>:452: SyntaxWarning: invalid escape sequence '\,'
<unknown>:452: SyntaxWarning: invalid escape sequence '\:'
<unknown>:452: SyntaxWarning: invalid escape sequence '\ '
<unknown>:347: SyntaxWarning: invalid escape sequence '\9'
<unknown>:1744: SyntaxWarning: invalid escape sequence '\e'
<unknown>:1815: SyntaxWarning: invalid escape sequence '\e'
<unknown>:1909: SyntaxWarning: invalid escape sequence '\p'
<unknown>:676: SyntaxWarning: invalid escape sequence '\|'
<unknown>:457: SyntaxWarning: invalid escape sequence '\l'
<unknown>:481: SyntaxWarning: invalid escape sequence '\l'
<unknown>:575: SyntaxWarning: invalid escape sequence '\l'
<unknown>:755: SyntaxWarning: invalid escape sequence '\e'
<unknown>:2418: SyntaxWarning: invalid escape sequence '\s'
<unknown>:1860: SyntaxWarning: invalid escape sequence '\c'
<unknown>:720: SyntaxWarning: invalid escape sequence '\i'
<unknown>:837: SyntaxWarning: invalid escape sequence '\i'
<unknown>:2008: SyntaxWarning: invalid escape sequence '\i'
<unknown>:578: SyntaxWarning: invalid escape sequence '\ '
<unknown>:684: SyntaxWarning: invalid escape sequence '\ '
<unknown>:173: SyntaxWarning: invalid escape sequence '\ '
<unknown>:304: SyntaxWarning: invalid escape sequence '\ '
<unknown>:1715: SyntaxWarning: invalid escape sequence '\i'
<unknown>:245: SyntaxWarning: invalid escape sequence '\/'
<unknown>:316: SyntaxWarning: invalid escape sequence '\/'
<unknown>:35: SyntaxWarning: invalid escape sequence '\s'
<unknown>:1000: SyntaxWarning: invalid escape sequence '\*'
<unknown>:401: SyntaxWarning: invalid escape sequence '\m'
<unknown>:1529: SyntaxWarning: invalid escape sequence '\p'
<unknown>:1572: SyntaxWarning: invalid escape sequence '\l'
<unknown>:1620: SyntaxWarning: invalid escape sequence '\s'
<unknown>:1686: SyntaxWarning: invalid escape sequence '\p'
<unknown>:1783: SyntaxWarning: invalid escape sequence '\s'
<unknown>:33: SyntaxWarning: invalid escape sequence '\^'
<unknown>:47: SyntaxWarning: invalid escape sequence '\s'
<unknown>:14: SyntaxWarning: invalid escape sequence '\ '
<unknown>:113: SyntaxWarning: invalid escape sequence '\ '
<unknown>:151: SyntaxWarning: invalid escape sequence '\l'
<unknown>:690: SyntaxWarning: invalid escape sequence '\g'
<unknown>:937: SyntaxWarning: invalid escape sequence '\p'
<unknown>:419: SyntaxWarning: invalid escape sequence '\d'
<unknown>:203: SyntaxWarning: invalid escape sequence '\i'
<unknown>:79: SyntaxWarning: invalid escape sequence '\l'
<unknown>:388: SyntaxWarning: invalid escape sequence '\d'
<unknown>:106: SyntaxWarning: invalid escape sequence '\m'
<unknown>:132: SyntaxWarning: invalid escape sequence '\l'
<unknown>:405: SyntaxWarning: invalid escape sequence '\d'
<unknown>:406: SyntaxWarning: invalid escape sequence '\d'
<unknown>:407: SyntaxWarning: invalid escape sequence '\('
<unknown>:408: SyntaxWarning: invalid escape sequence '\['
<unknown>:409: SyntaxWarning: invalid escape sequence '\('
<unknown>:410: SyntaxWarning: invalid escape sequence '\<'
<unknown>:565: SyntaxWarning: invalid escape sequence '\_'
<unknown>:578: SyntaxWarning: invalid escape sequence '\_'
<unknown>:791: SyntaxWarning: invalid escape sequence '\_'
<unknown>:846: SyntaxWarning: invalid escape sequence '\_'
<unknown>:1082: SyntaxWarning: invalid escape sequence '\_'
<unknown>:1265: SyntaxWarning: invalid escape sequence '\_'
<unknown>:1525: SyntaxWarning: invalid escape sequence '\_'
<unknown>:1662: SyntaxWarning: invalid escape sequence '\_'
<unknown>:636: SyntaxWarning: invalid escape sequence '\o'
<unknown>:654: SyntaxWarning: invalid escape sequence '\s'
<unknown>:1372: SyntaxWarning: invalid escape sequence '\d'
<unknown>:1402: SyntaxWarning: invalid escape sequence '\c'
<unknown>:1530: SyntaxWarning: invalid escape sequence '\l'
<unknown>:1534: SyntaxWarning: invalid escape sequence '\l'
<unknown>:1623: SyntaxWarning: invalid escape sequence '\l'
<unknown>:488: SyntaxWarning: invalid escape sequence '\%'
<unknown>:1583: SyntaxWarning: invalid escape sequence '\ '
<unknown>:576: SyntaxWarning: invalid escape sequence '\_'
<unknown>:677: SyntaxWarning: invalid escape sequence '\ '
<unknown>:10: SyntaxWarning: invalid escape sequence '\e'
<unknown>:187: SyntaxWarning: invalid escape sequence '\s'
<unknown>:328: SyntaxWarning: invalid escape sequence '\*'
<unknown>:297: SyntaxWarning: invalid escape sequence '\l'
<unknown>:913: SyntaxWarning: invalid escape sequence '\*'
<unknown>:171: SyntaxWarning: invalid escape sequence '\ '
<unknown>:1577: SyntaxWarning: invalid escape sequence '\{'
<unknown>:631: SyntaxWarning: invalid escape sequence '\/'
<unknown>:107: SyntaxWarning: invalid escape sequence '\e'
<unknown>:1188: SyntaxWarning: invalid escape sequence '\g'
<unknown>:1250: SyntaxWarning: invalid escape sequence '\s'
<unknown>:1310: SyntaxWarning: invalid escape sequence '\s'
<unknown>:1436: SyntaxWarning: invalid escape sequence '\s'
<unknown>:2174: SyntaxWarning: invalid escape sequence '\ '
<unknown>:2337: SyntaxWarning: invalid escape sequence '\e'
<unknown>:2378: SyntaxWarning: invalid escape sequence '\e'
<unknown>:2389: SyntaxWarning: invalid escape sequence '\c'
<unknown>:2399: SyntaxWarning: invalid escape sequence '\g'
<unknown>:2527: SyntaxWarning: invalid escape sequence '\i'
<unknown>:2754: SyntaxWarning: invalid escape sequence '\g'
<unknown>:2833: SyntaxWarning: invalid escape sequence '\g'
<unknown>:1: SyntaxWarning: invalid escape sequence '\d'
<unknown>:72: SyntaxWarning: invalid escape sequence '\o'
<unknown>:350: SyntaxWarning: invalid escape sequence '\o'
<unknown>:461: SyntaxWarning: invalid escape sequence '\o'
<unknown>:663: SyntaxWarning: invalid escape sequence '\o'
<unknown>:358: SyntaxWarning: invalid escape sequence '\ '
<unknown>:39: SyntaxWarning: invalid escape sequence '\_'
<unknown>:726: SyntaxWarning: invalid escape sequence '\_'
<unknown>:12: SyntaxWarning: invalid escape sequence '\s'
<unknown>:469: SyntaxWarning: invalid escape sequence '\/'
<unknown>:1: SyntaxWarning: invalid escape sequence '\_'
<unknown>:25: SyntaxWarning: invalid escape sequence '\ '
<unknown>:530: SyntaxWarning: invalid escape sequence '\*'
<unknown>:1317: SyntaxWarning: invalid escape sequence '\*'
<unknown>:1564: SyntaxWarning: invalid escape sequence '\d'
<unknown>:1772: SyntaxWarning: invalid escape sequence '\s'
<unknown>:1776: SyntaxWarning: invalid escape sequence '\s'
<unknown>:260: SyntaxWarning: invalid escape sequence '\m'
<unknown>:453: SyntaxWarning: invalid escape sequence '\m'
✅ Build thành công sympy__sympy|python|4c8a8590be682e74ec91ab217c646baa4686a255
\nĐang build Graph cho: 
sympy__sympy|python|fdbbfea979101b6320d69b64340b2cf746594bde
Path: data/swebench_checkouts/sympy__sympy/repo
✅ Build thành công sympy__sympy|python|fdbbfea979101b6320d69b64340b2cf746594bde
\nĐang build Graph cho: 
scikit-learn__scikit-learn|python|726fa36f2556e0d604d85a1de48ba56a8b6550db
Path: 
data/swebench_checkouts/scikit-learn__scikit-learn/scikit-learn__scikit-learn-10
198
examples/applications/svm_gui.py:171: SyntaxWarning: invalid escape sequence '\e'
examples/applications/svm_gui.py:172: SyntaxWarning: invalid escape sequence '\g'
examples/decomposition/plot_kernel_pca.py:67: SyntaxWarning: invalid escape sequence '\p'
examples/ensemble/plot_adaboost_multiclass.py:1: SyntaxWarning: invalid escape sequence '\c'
examples/ensemble/plot_bias_variance.py:164: SyntaxWarning: invalid escape sequence '\^'
examples/ensemble/plot_bias_variance.py:169: SyntaxWarning: invalid escape sequence '\m'
examples/ensemble/plot_gradient_boosting_quantile.py:67: SyntaxWarning: invalid escape sequence '\,'
examples/gaussian_process/plot_gpc_isoprobability.py:81: SyntaxWarning: invalid escape sequence '\m'
examples/gaussian_process/plot_gpr_noisy_targets.py:65: SyntaxWarning: invalid escape sequence '\,'
examples/gaussian_process/plot_gpr_noisy_targets.py:101: SyntaxWarning: invalid escape sequence '\,'
examples/model_selection/plot_learning_curve.py:119: SyntaxWarning: invalid escape sequence '\g'
examples/model_selection/plot_validation_curve.py:36: SyntaxWarning: invalid escape sequence '\g'
examples/preprocessing/plot_power_transformer.py:103: SyntaxWarning: invalid escape sequence '\l'
examples/svm/plot_svm_scale_c.py:1: SyntaxWarning: invalid escape sequence '\s'
sklearn/datasets/mlcomp.py:27: SyntaxWarning: invalid escape sequence '\_'
<unknown>:171: SyntaxWarning: invalid escape sequence '\e'
<unknown>:172: SyntaxWarning: invalid escape sequence '\g'
<unknown>:164: SyntaxWarning: invalid escape sequence '\^'
<unknown>:169: SyntaxWarning: invalid escape sequence '\m'
<unknown>:67: SyntaxWarning: invalid escape sequence '\,'
<unknown>:81: SyntaxWarning: invalid escape sequence '\m'
<unknown>:65: SyntaxWarning: invalid escape sequence '\,'
<unknown>:101: SyntaxWarning: invalid escape sequence '\,'
<unknown>:119: SyntaxWarning: invalid escape sequence '\g'
<unknown>:27: SyntaxWarning: invalid escape sequence '\_'
✅ Build thành công 
scikit-learn__scikit-learn|python|726fa36f2556e0d604d85a1de48ba56a8b6550db
\nĐang build Graph cho: 
scikit-learn__scikit-learn|python|0169f83950d594166d02eba34866ec5edda78c99
Path: data/swebench_checkouts/scikit-learn__scikit-learn/repo
✅ Build thành công 
scikit-learn__scikit-learn|python|0169f83950d594166d02eba34866ec5edda78c99
\nĐang build Graph cho: 
psf__requests|python|461b740db6ae3d3ab1c5d975b657307f5c630fcb
Path: data/swebench_checkouts/psf__requests/psf__requests-2466
requests/api.py:58: SyntaxWarning: invalid escape sequence '\*'
  
requests/api.py:69: SyntaxWarning: invalid escape sequence '\*'
  # cases, and look like a memory leak in others.
requests/api.py:80: SyntaxWarning: invalid escape sequence '\*'
  :param params: (optional) Dictionary, list of tuples or bytes to send
requests/api.py:91: SyntaxWarning: invalid escape sequence '\*'
  r"""Sends an OPTIONS request.
requests/api.py:103: SyntaxWarning: invalid escape sequence '\*'
  r"""Sends a HEAD request.
requests/api.py:114: SyntaxWarning: invalid escape sequence '\*'
  return request("head", url, **kwargs)
requests/api.py:125: SyntaxWarning: invalid escape sequence '\*'
  :param url: URL for the new :class:`Request` object.
requests/models.py:779: SyntaxWarning: invalid escape sequence '\*'
  self.raw = None
requests/packages/urllib3/connectionpool.py:95: SyntaxWarning: invalid escape sequence '\*'
requests/packages/urllib3/connectionpool.py:424: SyntaxWarning: invalid escape sequence '\*'
requests/packages/urllib3/connectionpool.py:773: SyntaxWarning: invalid escape sequence '\*'
requests/packages/urllib3/poolmanager.py:32: SyntaxWarning: invalid escape sequence '\*'
requests/sessions.py:466: SyntaxWarning: invalid escape sequence '\*'
  self.stream = False
requests/sessions.py:476: SyntaxWarning: invalid escape sequence '\*'
  #: If verify is set to a string, it must be the path to a CA bundle file
requests/sessions.py:486: SyntaxWarning: invalid escape sequence '\*'
  #: This defaults to requests.models.DEFAULT_REDIRECT_LIMIT, which is
requests/sessions.py:496: SyntaxWarning: invalid escape sequence '\*'
  #: :class:`RequestsCookieJar <requests.cookies.RequestsCookieJar>`, but
requests/sessions.py:507: SyntaxWarning: invalid escape sequence '\*'
  
requests/sessions.py:517: SyntaxWarning: invalid escape sequence '\*'
  :param request: :class:`Request` instance to prepare with this
requests/sessions.py:527: SyntaxWarning: invalid escape sequence '\*'
  if not isinstance(cookies, cookielib.CookieJar):
<unknown>:58: SyntaxWarning: invalid escape sequence '\*'
<unknown>:69: SyntaxWarning: invalid escape sequence '\*'
<unknown>:80: SyntaxWarning: invalid escape sequence '\*'
<unknown>:91: SyntaxWarning: invalid escape sequence '\*'
<unknown>:103: SyntaxWarning: invalid escape sequence '\*'
<unknown>:114: SyntaxWarning: invalid escape sequence '\*'
<unknown>:125: SyntaxWarning: invalid escape sequence '\*'
<unknown>:779: SyntaxWarning: invalid escape sequence '\*'
<unknown>:95: SyntaxWarning: invalid escape sequence '\*'
<unknown>:424: SyntaxWarning: invalid escape sequence '\*'
<unknown>:773: SyntaxWarning: invalid escape sequence '\*'
<unknown>:32: SyntaxWarning: invalid escape sequence '\*'
<unknown>:466: SyntaxWarning: invalid escape sequence '\*'
<unknown>:476: SyntaxWarning: invalid escape sequence '\*'
<unknown>:486: SyntaxWarning: invalid escape sequence '\*'
<unknown>:496: SyntaxWarning: invalid escape sequence '\*'
<unknown>:507: SyntaxWarning: invalid escape sequence '\*'
<unknown>:517: SyntaxWarning: invalid escape sequence '\*'
<unknown>:527: SyntaxWarning: invalid escape sequence '\*'
✅ Build thành công 
psf__requests|python|461b740db6ae3d3ab1c5d975b657307f5c630fcb
\nĐang build Graph cho: 
psf__requests|python|d2d576b6b1101e2871c82f63adf2c2b534c2dabc
Path: data/swebench_checkouts/psf__requests/psf__requests-2393
requests/api.py:58: SyntaxWarning: invalid escape sequence '\*'
  
requests/api.py:69: SyntaxWarning: invalid escape sequence '\*'
  # cases, and look like a memory leak in others.
requests/api.py:80: SyntaxWarning: invalid escape sequence '\*'
  :param params: (optional) Dictionary, list of tuples or bytes to send
requests/api.py:91: SyntaxWarning: invalid escape sequence '\*'
  r"""Sends an OPTIONS request.
requests/api.py:103: SyntaxWarning: invalid escape sequence '\*'
  r"""Sends a HEAD request.
requests/api.py:114: SyntaxWarning: invalid escape sequence '\*'
  return request("head", url, **kwargs)
requests/api.py:125: SyntaxWarning: invalid escape sequence '\*'
  :param url: URL for the new :class:`Request` object.
requests/models.py:779: SyntaxWarning: invalid escape sequence '\*'
  self.raw = None
requests/packages/urllib3/connectionpool.py:80: SyntaxWarning: invalid escape sequence '\*'
requests/packages/urllib3/connectionpool.py:409: SyntaxWarning: invalid escape sequence '\*'
requests/packages/urllib3/connectionpool.py:751: SyntaxWarning: invalid escape sequence '\*'
requests/packages/urllib3/poolmanager.py:32: SyntaxWarning: invalid escape sequence '\*'
requests/sessions.py:466: SyntaxWarning: invalid escape sequence '\*'
  self.stream = False
requests/sessions.py:476: SyntaxWarning: invalid escape sequence '\*'
  #: If verify is set to a string, it must be the path to a CA bundle file
requests/sessions.py:486: SyntaxWarning: invalid escape sequence '\*'
  #: This defaults to requests.models.DEFAULT_REDIRECT_LIMIT, which is
requests/sessions.py:496: SyntaxWarning: invalid escape sequence '\*'
  #: :class:`RequestsCookieJar <requests.cookies.RequestsCookieJar>`, but
requests/sessions.py:507: SyntaxWarning: invalid escape sequence '\*'
  
requests/sessions.py:517: SyntaxWarning: invalid escape sequence '\*'
  :param request: :class:`Request` instance to prepare with this
requests/sessions.py:527: SyntaxWarning: invalid escape sequence '\*'
  if not isinstance(cookies, cookielib.CookieJar):
<unknown>:58: SyntaxWarning: invalid escape sequence '\*'
<unknown>:69: SyntaxWarning: invalid escape sequence '\*'
<unknown>:80: SyntaxWarning: invalid escape sequence '\*'
<unknown>:91: SyntaxWarning: invalid escape sequence '\*'
<unknown>:103: SyntaxWarning: invalid escape sequence '\*'
<unknown>:114: SyntaxWarning: invalid escape sequence '\*'
<unknown>:125: SyntaxWarning: invalid escape sequence '\*'
<unknown>:779: SyntaxWarning: invalid escape sequence '\*'
<unknown>:80: SyntaxWarning: invalid escape sequence '\*'
<unknown>:409: SyntaxWarning: invalid escape sequence '\*'
<unknown>:751: SyntaxWarning: invalid escape sequence '\*'
<unknown>:32: SyntaxWarning: invalid escape sequence '\*'
<unknown>:466: SyntaxWarning: invalid escape sequence '\*'
<unknown>:476: SyntaxWarning: invalid escape sequence '\*'
<unknown>:486: SyntaxWarning: invalid escape sequence '\*'
<unknown>:496: SyntaxWarning: invalid escape sequence '\*'
<unknown>:507: SyntaxWarning: invalid escape sequence '\*'
<unknown>:517: SyntaxWarning: invalid escape sequence '\*'
<unknown>:527: SyntaxWarning: invalid escape sequence '\*'
✅ Build thành công 
psf__requests|python|d2d576b6b1101e2871c82f63adf2c2b534c2dabc
\nĐang build Graph cho: 
psf__requests|python|ccabcf1fca906bfa6b65a3189c1c41061e6c1042
Path: data/swebench_checkouts/psf__requests/psf__requests-3718
requests/api.py:60: SyntaxWarning: invalid escape sequence '\*'
  
requests/api.py:74: SyntaxWarning: invalid escape sequence '\*'
  def get(
requests/api.py:87: SyntaxWarning: invalid escape sequence '\*'
  return request("get", url, params=params, **kwargs)
requests/api.py:100: SyntaxWarning: invalid escape sequence '\*'
  
requests/api.py:114: SyntaxWarning: invalid escape sequence '\*'
  return request("head", url, **kwargs)
requests/api.py:128: SyntaxWarning: invalid escape sequence '\*'
  :param json: (optional) A JSON serializable Python object to send in the body of the :class:`Request`.
requests/api.py:142: SyntaxWarning: invalid escape sequence '\*'
  :param url: URL for the new :class:`Request` object.
requests/models.py:821: SyntaxWarning: invalid escape sequence '\*'
  
requests/packages/urllib3/connectionpool.py:103: SyntaxWarning: invalid escape sequence '\*'
requests/packages/urllib3/connectionpool.py:453: SyntaxWarning: invalid escape sequence '\*'
requests/packages/urllib3/connectionpool.py:847: SyntaxWarning: invalid escape sequence '\*'
requests/packages/urllib3/poolmanager.py:84: SyntaxWarning: invalid escape sequence '\*'
requests/sessions.py:493: SyntaxWarning: invalid escape sequence '\*'
  
requests/sessions.py:504: SyntaxWarning: invalid escape sequence '\*'
  
requests/sessions.py:515: SyntaxWarning: invalid escape sequence '\*'
  :class:`Session`.
requests/sessions.py:526: SyntaxWarning: invalid escape sequence '\*'
  # Bootstrap CookieJar.
requests/sessions.py:538: SyntaxWarning: invalid escape sequence '\*'
  auth = get_netrc_auth(url)
requests/sessions.py:549: SyntaxWarning: invalid escape sequence '\*'
  ),
requests/sessions.py:560: SyntaxWarning: invalid escape sequence '\*'
  url: _t.UriType,
<unknown>:60: SyntaxWarning: invalid escape sequence '\*'
<unknown>:74: SyntaxWarning: invalid escape sequence '\*'
<unknown>:87: SyntaxWarning: invalid escape sequence '\*'
<unknown>:100: SyntaxWarning: invalid escape sequence '\*'
<unknown>:114: SyntaxWarning: invalid escape sequence '\*'
<unknown>:128: SyntaxWarning: invalid escape sequence '\*'
<unknown>:142: SyntaxWarning: invalid escape sequence '\*'
<unknown>:821: SyntaxWarning: invalid escape sequence '\*'
<unknown>:103: SyntaxWarning: invalid escape sequence '\*'
<unknown>:453: SyntaxWarning: invalid escape sequence '\*'
<unknown>:847: SyntaxWarning: invalid escape sequence '\*'
<unknown>:84: SyntaxWarning: invalid escape sequence '\*'
<unknown>:493: SyntaxWarning: invalid escape sequence '\*'
<unknown>:504: SyntaxWarning: invalid escape sequence '\*'
<unknown>:515: SyntaxWarning: invalid escape sequence '\*'
<unknown>:526: SyntaxWarning: invalid escape sequence '\*'
<unknown>:538: SyntaxWarning: invalid escape sequence '\*'
<unknown>:549: SyntaxWarning: invalid escape sequence '\*'
<unknown>:560: SyntaxWarning: invalid escape sequence '\*'
✅ Build thành công 
psf__requests|python|ccabcf1fca906bfa6b65a3189c1c41061e6c1042
\nĐang build Graph cho: 
psf__requests|python|0192aac24123735b3eaf9b08df46429bb770c283
Path: data/swebench_checkouts/psf__requests/psf__requests-6028
✅ Build thành công 
psf__requests|python|0192aac24123735b3eaf9b08df46429bb770c283
\nĐang build Graph cho: 
psf__requests|python|e91ee0e2461cc9b6822e7c3cc422038604ace08d
Path: data/swebench_checkouts/psf__requests/psf__requests-1689
requests/api.py:48: SyntaxWarning: invalid escape sequence '\*'
  :param allow_redirects: (optional) Boolean. Enable/disable GET/OPTIONS/POST/PUT/PATCH/DELETE/HEAD redirection. Defaults to ``True``.
requests/api.py:59: SyntaxWarning: invalid escape sequence '\*'
  Usage::
requests/api.py:70: SyntaxWarning: invalid escape sequence '\*'
  with sessions.Session() as session:
requests/api.py:81: SyntaxWarning: invalid escape sequence '\*'
  in the query string for the :class:`Request`.
requests/api.py:92: SyntaxWarning: invalid escape sequence '\*'
  
requests/api.py:103: SyntaxWarning: invalid escape sequence '\*'
  r"""Sends a HEAD request.
requests/api.py:114: SyntaxWarning: invalid escape sequence '\*'
  return request("head", url, **kwargs)
requests/models.py:680: SyntaxWarning: invalid escape sequence '\*'
  if auth:
requests/packages/urllib3/connectionpool.py:453: SyntaxWarning: invalid escape sequence '\*'
requests/packages/urllib3/connectionpool.py:722: SyntaxWarning: invalid escape sequence '\*'
requests/packages/urllib3/poolmanager.py:36: SyntaxWarning: invalid escape sequence '\*'
requests/sessions.py:366: SyntaxWarning: invalid escape sequence '\*'
  headers["Proxy-Authorization"] = _basic_auth_str(username, password)
requests/sessions.py:376: SyntaxWarning: invalid escape sequence '\*'
  method = prepared_request.method
requests/sessions.py:386: SyntaxWarning: invalid escape sequence '\*'
  
requests/sessions.py:396: SyntaxWarning: invalid escape sequence '\*'
  """A Requests session.
requests/sessions.py:406: SyntaxWarning: invalid escape sequence '\*'
  
requests/sessions.py:416: SyntaxWarning: invalid escape sequence '\*'
  proxies: dict[str, str]
requests/sessions.py:426: SyntaxWarning: invalid escape sequence '\*'
  
<unknown>:48: SyntaxWarning: invalid escape sequence '\*'
<unknown>:59: SyntaxWarning: invalid escape sequence '\*'
<unknown>:70: SyntaxWarning: invalid escape sequence '\*'
<unknown>:81: SyntaxWarning: invalid escape sequence '\*'
<unknown>:92: SyntaxWarning: invalid escape sequence '\*'
<unknown>:103: SyntaxWarning: invalid escape sequence '\*'
<unknown>:114: SyntaxWarning: invalid escape sequence '\*'
<unknown>:680: SyntaxWarning: invalid escape sequence '\*'
<unknown>:453: SyntaxWarning: invalid escape sequence '\*'
<unknown>:722: SyntaxWarning: invalid escape sequence '\*'
<unknown>:36: SyntaxWarning: invalid escape sequence '\*'
<unknown>:366: SyntaxWarning: invalid escape sequence '\*'
<unknown>:376: SyntaxWarning: invalid escape sequence '\*'
<unknown>:386: SyntaxWarning: invalid escape sequence '\*'
<unknown>:396: SyntaxWarning: invalid escape sequence '\*'
<unknown>:406: SyntaxWarning: invalid escape sequence '\*'
<unknown>:416: SyntaxWarning: invalid escape sequence '\*'
<unknown>:426: SyntaxWarning: invalid escape sequence '\*'
✅ Build thành công 
psf__requests|python|e91ee0e2461cc9b6822e7c3cc422038604ace08d
\nĐang build Graph cho: 
psf__requests|python|27b55a74d7b9bd2f8c60fd0ee342bcbbf40e0a66
Path: data/swebench_checkouts/psf__requests/psf__requests-774
requests/api.py:56: SyntaxWarning: invalid escape sequence '\*'
  :return: :class:`Response <Response>` object
requests/api.py:67: SyntaxWarning: invalid escape sequence '\*'
  # By using the 'with' statement we are sure the session is closed, thus we
requests/api.py:78: SyntaxWarning: invalid escape sequence '\*'
  
requests/api.py:89: SyntaxWarning: invalid escape sequence '\*'
  
requests/api.py:100: SyntaxWarning: invalid escape sequence '\*'
  
requests/api.py:111: SyntaxWarning: invalid escape sequence '\*'
  """
requests/api.py:122: SyntaxWarning: invalid escape sequence '\*'
  ) -> Response:
requests/auth.py:248: SyntaxWarning: invalid escape sequence '\s'
  return None
requests/packages/urllib3/connectionpool.py:322: SyntaxWarning: invalid escape sequence '\*'
requests/packages/urllib3/connectionpool.py:539: SyntaxWarning: invalid escape sequence '\*'
requests/packages/urllib3/poolmanager.py:28: SyntaxWarning: invalid escape sequence '\*'
requests/sessions.py:245: SyntaxWarning: invalid escape sequence '\*'
  prepared_request.url = to_native_string(url)
requests/sessions.py:256: SyntaxWarning: invalid escape sequence '\*'
  for header in purged_headers:
requests/sessions.py:267: SyntaxWarning: invalid escape sequence '\*'
  extract_cookies_to_jar(cookie_jar, req, resp.raw)
requests/sessions.py:278: SyntaxWarning: invalid escape sequence '\*'
  rewindable = prepared_request._body_position is not None and (  # type: ignore[reportPrivateUsage]
requests/sessions.py:289: SyntaxWarning: invalid escape sequence '\*'
  if yield_requests:
requests/sessions.py:300: SyntaxWarning: invalid escape sequence '\*'
  **adapter_kwargs,
requests/sessions.py:311: SyntaxWarning: invalid escape sequence '\*'
  ) -> None:
<unknown>:56: SyntaxWarning: invalid escape sequence '\*'
<unknown>:67: SyntaxWarning: invalid escape sequence '\*'
<unknown>:78: SyntaxWarning: invalid escape sequence '\*'
<unknown>:89: SyntaxWarning: invalid escape sequence '\*'
<unknown>:100: SyntaxWarning: invalid escape sequence '\*'
<unknown>:111: SyntaxWarning: invalid escape sequence '\*'
<unknown>:122: SyntaxWarning: invalid escape sequence '\*'
<unknown>:248: SyntaxWarning: invalid escape sequence '\s'
<unknown>:322: SyntaxWarning: invalid escape sequence '\*'
<unknown>:539: SyntaxWarning: invalid escape sequence '\*'
<unknown>:28: SyntaxWarning: invalid escape sequence '\*'
<unknown>:245: SyntaxWarning: invalid escape sequence '\*'
<unknown>:256: SyntaxWarning: invalid escape sequence '\*'
<unknown>:267: SyntaxWarning: invalid escape sequence '\*'
<unknown>:278: SyntaxWarning: invalid escape sequence '\*'
<unknown>:289: SyntaxWarning: invalid escape sequence '\*'
<unknown>:300: SyntaxWarning: invalid escape sequence '\*'
<unknown>:311: SyntaxWarning: invalid escape sequence '\*'
✅ Build thành công 
psf__requests|python|27b55a74d7b9bd2f8c60fd0ee342bcbbf40e0a66
\nĐang build Graph cho: 
psf__requests|python|110048f9837f8441ea536804115e80b69f400277
Path: data/swebench_checkouts/psf__requests/psf__requests-1962
requests/api.py:48: SyntaxWarning: invalid escape sequence '\*'
  :param allow_redirects: (optional) Boolean. Enable/disable GET/OPTIONS/POST/PUT/PATCH/DELETE/HEAD redirection. Defaults to ``True``.
requests/api.py:59: SyntaxWarning: invalid escape sequence '\*'
  Usage::
requests/api.py:70: SyntaxWarning: invalid escape sequence '\*'
  with sessions.Session() as session:
requests/api.py:81: SyntaxWarning: invalid escape sequence '\*'
  in the query string for the :class:`Request`.
requests/api.py:92: SyntaxWarning: invalid escape sequence '\*'
  
requests/api.py:103: SyntaxWarning: invalid escape sequence '\*'
  r"""Sends a HEAD request.
requests/api.py:114: SyntaxWarning: invalid escape sequence '\*'
  return request("head", url, **kwargs)
requests/models.py:741: SyntaxWarning: invalid escape sequence '\*'
  url: str
requests/packages/urllib3/connectionpool.py:385: SyntaxWarning: invalid escape sequence '\*'
requests/packages/urllib3/connectionpool.py:664: SyntaxWarning: invalid escape sequence '\*'
requests/packages/urllib3/poolmanager.py:36: SyntaxWarning: invalid escape sequence '\*'
requests/sessions.py:398: SyntaxWarning: invalid escape sequence '\*'
  Provides cookie persistence, connection-pooling, and configuration.
requests/sessions.py:408: SyntaxWarning: invalid escape sequence '\*'
  
requests/sessions.py:418: SyntaxWarning: invalid escape sequence '\*'
  params: MutableMapping[str, Any]
requests/sessions.py:428: SyntaxWarning: invalid escape sequence '\*'
  "headers",
requests/sessions.py:438: SyntaxWarning: invalid escape sequence '\*'
  "trust_env",
requests/sessions.py:448: SyntaxWarning: invalid escape sequence '\*'
  #: Default Authentication tuple or object to attach to
requests/sessions.py:458: SyntaxWarning: invalid escape sequence '\*'
  self.hooks = default_hooks()
<unknown>:48: SyntaxWarning: invalid escape sequence '\*'
<unknown>:59: SyntaxWarning: invalid escape sequence '\*'
<unknown>:70: SyntaxWarning: invalid escape sequence '\*'
<unknown>:81: SyntaxWarning: invalid escape sequence '\*'
<unknown>:92: SyntaxWarning: invalid escape sequence '\*'
<unknown>:103: SyntaxWarning: invalid escape sequence '\*'
<unknown>:114: SyntaxWarning: invalid escape sequence '\*'
<unknown>:741: SyntaxWarning: invalid escape sequence '\*'
<unknown>:385: SyntaxWarning: invalid escape sequence '\*'
<unknown>:664: SyntaxWarning: invalid escape sequence '\*'
<unknown>:36: SyntaxWarning: invalid escape sequence '\*'
<unknown>:398: SyntaxWarning: invalid escape sequence '\*'
<unknown>:408: SyntaxWarning: invalid escape sequence '\*'
<unknown>:418: SyntaxWarning: invalid escape sequence '\*'
<unknown>:428: SyntaxWarning: invalid escape sequence '\*'
<unknown>:438: SyntaxWarning: invalid escape sequence '\*'
<unknown>:448: SyntaxWarning: invalid escape sequence '\*'
<unknown>:458: SyntaxWarning: invalid escape sequence '\*'
✅ Build thành công 
psf__requests|python|110048f9837f8441ea536804115e80b69f400277
\nĐang build Graph cho: 
psf__requests|python|fe693c492242ae532211e0c173324f09ca8cf227
Path: data/swebench_checkouts/psf__requests/psf__requests-2148
requests/api.py:48: SyntaxWarning: invalid escape sequence '\*'
  :param allow_redirects: (optional) Boolean. Enable/disable GET/OPTIONS/POST/PUT/PATCH/DELETE/HEAD redirection. Defaults to ``True``.
requests/api.py:59: SyntaxWarning: invalid escape sequence '\*'
  Usage::
requests/api.py:70: SyntaxWarning: invalid escape sequence '\*'
  with sessions.Session() as session:
requests/api.py:81: SyntaxWarning: invalid escape sequence '\*'
  in the query string for the :class:`Request`.
requests/api.py:92: SyntaxWarning: invalid escape sequence '\*'
  
requests/api.py:103: SyntaxWarning: invalid escape sequence '\*'
  r"""Sends a HEAD request.
requests/api.py:114: SyntaxWarning: invalid escape sequence '\*'
  return request("head", url, **kwargs)
requests/models.py:753: SyntaxWarning: invalid escape sequence '\*'
  "headers",
requests/packages/urllib3/connectionpool.py:80: SyntaxWarning: invalid escape sequence '\*'
requests/packages/urllib3/connectionpool.py:403: SyntaxWarning: invalid escape sequence '\*'
requests/packages/urllib3/connectionpool.py:734: SyntaxWarning: invalid escape sequence '\*'
requests/packages/urllib3/poolmanager.py:32: SyntaxWarning: invalid escape sequence '\*'
requests/sessions.py:466: SyntaxWarning: invalid escape sequence '\*'
  self.stream = False
requests/sessions.py:476: SyntaxWarning: invalid escape sequence '\*'
  #: If verify is set to a string, it must be the path to a CA bundle file
requests/sessions.py:486: SyntaxWarning: invalid escape sequence '\*'
  #: This defaults to requests.models.DEFAULT_REDIRECT_LIMIT, which is
requests/sessions.py:496: SyntaxWarning: invalid escape sequence '\*'
  #: :class:`RequestsCookieJar <requests.cookies.RequestsCookieJar>`, but
requests/sessions.py:506: SyntaxWarning: invalid escape sequence '\*'
  return self
requests/sessions.py:516: SyntaxWarning: invalid escape sequence '\*'
  
requests/sessions.py:526: SyntaxWarning: invalid escape sequence '\*'
  # Bootstrap CookieJar.
<unknown>:48: SyntaxWarning: invalid escape sequence '\*'
<unknown>:59: SyntaxWarning: invalid escape sequence '\*'
<unknown>:70: SyntaxWarning: invalid escape sequence '\*'
<unknown>:81: SyntaxWarning: invalid escape sequence '\*'
<unknown>:92: SyntaxWarning: invalid escape sequence '\*'
<unknown>:103: SyntaxWarning: invalid escape sequence '\*'
<unknown>:114: SyntaxWarning: invalid escape sequence '\*'
<unknown>:753: SyntaxWarning: invalid escape sequence '\*'
<unknown>:80: SyntaxWarning: invalid escape sequence '\*'
<unknown>:403: SyntaxWarning: invalid escape sequence '\*'
<unknown>:734: SyntaxWarning: invalid escape sequence '\*'
<unknown>:32: SyntaxWarning: invalid escape sequence '\*'
<unknown>:466: SyntaxWarning: invalid escape sequence '\*'
<unknown>:476: SyntaxWarning: invalid escape sequence '\*'
<unknown>:486: SyntaxWarning: invalid escape sequence '\*'
<unknown>:496: SyntaxWarning: invalid escape sequence '\*'
<unknown>:506: SyntaxWarning: invalid escape sequence '\*'
<unknown>:516: SyntaxWarning: invalid escape sequence '\*'
<unknown>:526: SyntaxWarning: invalid escape sequence '\*'
✅ Build thành công 
psf__requests|python|fe693c492242ae532211e0c173324f09ca8cf227
\nĐang build Graph cho: 
psf__requests|python|276202f51ee9967969eafc1880c4785c80d63d3b
Path: data/swebench_checkouts/psf__requests/psf__requests-2678
requests/api.py:59: SyntaxWarning: invalid escape sequence '\*'
  Usage::
requests/api.py:73: SyntaxWarning: invalid escape sequence '\*'
  
requests/api.py:86: SyntaxWarning: invalid escape sequence '\*'
  
requests/api.py:99: SyntaxWarning: invalid escape sequence '\*'
  return request("options", url, **kwargs)
requests/api.py:113: SyntaxWarning: invalid escape sequence '\*'
  kwargs.setdefault("allow_redirects", False)
requests/api.py:126: SyntaxWarning: invalid escape sequence '\*'
  :param data: (optional) Dictionary, list of tuples, bytes, or file-like
requests/api.py:139: SyntaxWarning: invalid escape sequence '\*'
  ) -> Response:
requests/models.py:783: SyntaxWarning: invalid escape sequence '\*'
  
requests/packages/urllib3/connectionpool.py:95: SyntaxWarning: invalid escape sequence '\*'
requests/packages/urllib3/connectionpool.py:424: SyntaxWarning: invalid escape sequence '\*'
requests/packages/urllib3/connectionpool.py:772: SyntaxWarning: invalid escape sequence '\*'
requests/packages/urllib3/poolmanager.py:32: SyntaxWarning: invalid escape sequence '\*'
requests/sessions.py:468: SyntaxWarning: invalid escape sequence '\*'
  #: SSL Verification default.
requests/sessions.py:478: SyntaxWarning: invalid escape sequence '\*'
  self.verify = True
requests/sessions.py:488: SyntaxWarning: invalid escape sequence '\*'
  self.max_redirects = DEFAULT_REDIRECT_LIMIT
requests/sessions.py:498: SyntaxWarning: invalid escape sequence '\*'
  self.cookies = cookiejar_from_dict({})
requests/sessions.py:509: SyntaxWarning: invalid escape sequence '\*'
  self.close()
requests/sessions.py:519: SyntaxWarning: invalid escape sequence '\*'
  :rtype: requests.PreparedRequest
requests/sessions.py:529: SyntaxWarning: invalid escape sequence '\*'
  
<unknown>:59: SyntaxWarning: invalid escape sequence '\*'
<unknown>:73: SyntaxWarning: invalid escape sequence '\*'
<unknown>:86: SyntaxWarning: invalid escape sequence '\*'
<unknown>:99: SyntaxWarning: invalid escape sequence '\*'
<unknown>:113: SyntaxWarning: invalid escape sequence '\*'
<unknown>:126: SyntaxWarning: invalid escape sequence '\*'
<unknown>:139: SyntaxWarning: invalid escape sequence '\*'
<unknown>:783: SyntaxWarning: invalid escape sequence '\*'
<unknown>:95: SyntaxWarning: invalid escape sequence '\*'
<unknown>:424: SyntaxWarning: invalid escape sequence '\*'
<unknown>:772: SyntaxWarning: invalid escape sequence '\*'
<unknown>:32: SyntaxWarning: invalid escape sequence '\*'
<unknown>:468: SyntaxWarning: invalid escape sequence '\*'
<unknown>:478: SyntaxWarning: invalid escape sequence '\*'
<unknown>:488: SyntaxWarning: invalid escape sequence '\*'
<unknown>:498: SyntaxWarning: invalid escape sequence '\*'
<unknown>:509: SyntaxWarning: invalid escape sequence '\*'
<unknown>:519: SyntaxWarning: invalid escape sequence '\*'
<unknown>:529: SyntaxWarning: invalid escape sequence '\*'
✅ Build thành công 
psf__requests|python|276202f51ee9967969eafc1880c4785c80d63d3b
\nĐang build Graph cho: 
psf__requests|python|a4c18cd733f97b5659a29589432d8a39e7a0de87
Path: data/swebench_checkouts/psf__requests/psf__requests-5087
✅ Build thành công 
psf__requests|python|a4c18cd733f97b5659a29589432d8a39e7a0de87
\nĐang build Graph cho: 
psf__requests|python|091991be0da19de9108dbe5e3752917fea3d7fdc
Path: data/swebench_checkouts/psf__requests/psf__requests-2317
requests/api.py:53: SyntaxWarning: invalid escape sequence '\*'
  to a CA bundle to use. Defaults to ``True``.
requests/api.py:64: SyntaxWarning: invalid escape sequence '\*'
  <Response [200]>
requests/api.py:75: SyntaxWarning: invalid escape sequence '\*'
  url: _t.UriType, params: _t.ParamsType = None, **kwargs: Unpack[_t.GetKwargs]
requests/api.py:86: SyntaxWarning: invalid escape sequence '\*'
  
requests/api.py:98: SyntaxWarning: invalid escape sequence '\*'
  
requests/api.py:109: SyntaxWarning: invalid escape sequence '\*'
  :return: :class:`Response <Response>` object
requests/api.py:120: SyntaxWarning: invalid escape sequence '\*'
  json: _t.JsonType = None,
requests/models.py:777: SyntaxWarning: invalid escape sequence '\*'
  #: Use of ``raw`` requires that ``stream=True`` be set on the request.
requests/packages/urllib3/connectionpool.py:80: SyntaxWarning: invalid escape sequence '\*'
requests/packages/urllib3/connectionpool.py:403: SyntaxWarning: invalid escape sequence '\*'
requests/packages/urllib3/connectionpool.py:734: SyntaxWarning: invalid escape sequence '\*'
requests/packages/urllib3/poolmanager.py:32: SyntaxWarning: invalid escape sequence '\*'
requests/sessions.py:462: SyntaxWarning: invalid escape sequence '\*'
  #: representing multivalued query parameters.
requests/sessions.py:472: SyntaxWarning: invalid escape sequence '\*'
  #: presented by the server, and will ignore hostname mismatches and/or
requests/sessions.py:482: SyntaxWarning: invalid escape sequence '\*'
  self.cert = None
requests/sessions.py:492: SyntaxWarning: invalid escape sequence '\*'
  self.trust_env = True
requests/sessions.py:503: SyntaxWarning: invalid escape sequence '\*'
  self.mount("http://", HTTPAdapter())
requests/sessions.py:513: SyntaxWarning: invalid escape sequence '\*'
  transmission and returns it. The :class:`PreparedRequest` has settings
requests/sessions.py:523: SyntaxWarning: invalid escape sequence '\*'
  
<unknown>:53: SyntaxWarning: invalid escape sequence '\*'
<unknown>:64: SyntaxWarning: invalid escape sequence '\*'
<unknown>:75: SyntaxWarning: invalid escape sequence '\*'
<unknown>:86: SyntaxWarning: invalid escape sequence '\*'
<unknown>:98: SyntaxWarning: invalid escape sequence '\*'
<unknown>:109: SyntaxWarning: invalid escape sequence '\*'
<unknown>:120: SyntaxWarning: invalid escape sequence '\*'
<unknown>:777: SyntaxWarning: invalid escape sequence '\*'
<unknown>:80: SyntaxWarning: invalid escape sequence '\*'
<unknown>:403: SyntaxWarning: invalid escape sequence '\*'
<unknown>:734: SyntaxWarning: invalid escape sequence '\*'
<unknown>:32: SyntaxWarning: invalid escape sequence '\*'
<unknown>:462: SyntaxWarning: invalid escape sequence '\*'
<unknown>:472: SyntaxWarning: invalid escape sequence '\*'
<unknown>:482: SyntaxWarning: invalid escape sequence '\*'
<unknown>:492: SyntaxWarning: invalid escape sequence '\*'
<unknown>:503: SyntaxWarning: invalid escape sequence '\*'
<unknown>:513: SyntaxWarning: invalid escape sequence '\*'
<unknown>:523: SyntaxWarning: invalid escape sequence '\*'
✅ Build thành công 
psf__requests|python|091991be0da19de9108dbe5e3752917fea3d7fdc
\nĐang build Graph cho: 
psf__requests|python|636b946af5eac8ba4cffa63a727523cd8c2c01ab
Path: data/swebench_checkouts/psf__requests/psf__requests-2617
requests/api.py:59: SyntaxWarning: invalid escape sequence '\*'
  Usage::
requests/api.py:73: SyntaxWarning: invalid escape sequence '\*'
  
requests/api.py:86: SyntaxWarning: invalid escape sequence '\*'
  
requests/api.py:99: SyntaxWarning: invalid escape sequence '\*'
  return request("options", url, **kwargs)
requests/api.py:113: SyntaxWarning: invalid escape sequence '\*'
  kwargs.setdefault("allow_redirects", False)
requests/api.py:126: SyntaxWarning: invalid escape sequence '\*'
  :param data: (optional) Dictionary, list of tuples, bytes, or file-like
requests/api.py:139: SyntaxWarning: invalid escape sequence '\*'
  ) -> Response:
requests/models.py:791: SyntaxWarning: invalid escape sequence '\*'
  
requests/packages/urllib3/connectionpool.py:95: SyntaxWarning: invalid escape sequence '\*'
requests/packages/urllib3/connectionpool.py:424: SyntaxWarning: invalid escape sequence '\*'
requests/packages/urllib3/connectionpool.py:772: SyntaxWarning: invalid escape sequence '\*'
requests/packages/urllib3/poolmanager.py:32: SyntaxWarning: invalid escape sequence '\*'
requests/sessions.py:470: SyntaxWarning: invalid escape sequence '\*'
  #: remote end.
requests/sessions.py:480: SyntaxWarning: invalid escape sequence '\*'
  #: SSL client certificate default, if String, path to ssl client
requests/sessions.py:490: SyntaxWarning: invalid escape sequence '\*'
  #: Trust environment settings for proxy configuration, default
requests/sessions.py:500: SyntaxWarning: invalid escape sequence '\*'
  # Default connection adapters.
requests/sessions.py:511: SyntaxWarning: invalid escape sequence '\*'
  def prepare_request(self, request: Request) -> PreparedRequest:
requests/sessions.py:521: SyntaxWarning: invalid escape sequence '\*'
  url = cast("_t.UriType", request.url)
requests/sessions.py:531: SyntaxWarning: invalid escape sequence '\*'
  merged_cookies = merge_cookies(
<unknown>:59: SyntaxWarning: invalid escape sequence '\*'
<unknown>:73: SyntaxWarning: invalid escape sequence '\*'
<unknown>:86: SyntaxWarning: invalid escape sequence '\*'
<unknown>:99: SyntaxWarning: invalid escape sequence '\*'
<unknown>:113: SyntaxWarning: invalid escape sequence '\*'
<unknown>:126: SyntaxWarning: invalid escape sequence '\*'
<unknown>:139: SyntaxWarning: invalid escape sequence '\*'
<unknown>:791: SyntaxWarning: invalid escape sequence '\*'
<unknown>:95: SyntaxWarning: invalid escape sequence '\*'
<unknown>:424: SyntaxWarning: invalid escape sequence '\*'
<unknown>:772: SyntaxWarning: invalid escape sequence '\*'
<unknown>:32: SyntaxWarning: invalid escape sequence '\*'
<unknown>:470: SyntaxWarning: invalid escape sequence '\*'
<unknown>:480: SyntaxWarning: invalid escape sequence '\*'
<unknown>:490: SyntaxWarning: invalid escape sequence '\*'
<unknown>:500: SyntaxWarning: invalid escape sequence '\*'
<unknown>:511: SyntaxWarning: invalid escape sequence '\*'
<unknown>:521: SyntaxWarning: invalid escape sequence '\*'
<unknown>:531: SyntaxWarning: invalid escape sequence '\*'
✅ Build thành công 
psf__requests|python|636b946af5eac8ba4cffa63a727523cd8c2c01ab
\nĐang build Graph cho: 
psf__requests|python|847735553aeda6e6633f2b32e14ba14ba86887a4
Path: data/swebench_checkouts/psf__requests/psf__requests-1768
requests/api.py:48: SyntaxWarning: invalid escape sequence '\*'
  :param allow_redirects: (optional) Boolean. Enable/disable GET/OPTIONS/POST/PUT/PATCH/DELETE/HEAD redirection. Defaults to ``True``.
requests/api.py:59: SyntaxWarning: invalid escape sequence '\*'
  Usage::
requests/api.py:70: SyntaxWarning: invalid escape sequence '\*'
  with sessions.Session() as session:
requests/api.py:81: SyntaxWarning: invalid escape sequence '\*'
  in the query string for the :class:`Request`.
requests/api.py:92: SyntaxWarning: invalid escape sequence '\*'
  
requests/api.py:103: SyntaxWarning: invalid escape sequence '\*'
  r"""Sends a HEAD request.
requests/api.py:114: SyntaxWarning: invalid escape sequence '\*'
  return request("head", url, **kwargs)
requests/models.py:717: SyntaxWarning: invalid escape sequence '\*'
  if cookie_header is not None:
requests/packages/urllib3/connectionpool.py:383: SyntaxWarning: invalid escape sequence '\*'
requests/packages/urllib3/connectionpool.py:658: SyntaxWarning: invalid escape sequence '\*'
requests/packages/urllib3/poolmanager.py:36: SyntaxWarning: invalid escape sequence '\*'
requests/sessions.py:372: SyntaxWarning: invalid escape sequence '\*'
  ) -> None:
requests/sessions.py:382: SyntaxWarning: invalid escape sequence '\*'
  # Do what the browsers do, despite standards...
requests/sessions.py:392: SyntaxWarning: invalid escape sequence '\*'
  prepared_request.method = method
requests/sessions.py:402: SyntaxWarning: invalid escape sequence '\*'
  >>> import requests
requests/sessions.py:412: SyntaxWarning: invalid escape sequence '\*'
  """
requests/sessions.py:422: SyntaxWarning: invalid escape sequence '\*'
  max_redirects: int
requests/sessions.py:432: SyntaxWarning: invalid escape sequence '\*'
  "hooks",
<unknown>:48: SyntaxWarning: invalid escape sequence '\*'
<unknown>:59: SyntaxWarning: invalid escape sequence '\*'
<unknown>:70: SyntaxWarning: invalid escape sequence '\*'
<unknown>:81: SyntaxWarning: invalid escape sequence '\*'
<unknown>:92: SyntaxWarning: invalid escape sequence '\*'
<unknown>:103: SyntaxWarning: invalid escape sequence '\*'
<unknown>:114: SyntaxWarning: invalid escape sequence '\*'
<unknown>:717: SyntaxWarning: invalid escape sequence '\*'
<unknown>:383: SyntaxWarning: invalid escape sequence '\*'
<unknown>:658: SyntaxWarning: invalid escape sequence '\*'
<unknown>:36: SyntaxWarning: invalid escape sequence '\*'
<unknown>:372: SyntaxWarning: invalid escape sequence '\*'
<unknown>:382: SyntaxWarning: invalid escape sequence '\*'
<unknown>:392: SyntaxWarning: invalid escape sequence '\*'
<unknown>:402: SyntaxWarning: invalid escape sequence '\*'
<unknown>:412: SyntaxWarning: invalid escape sequence '\*'
<unknown>:422: SyntaxWarning: invalid escape sequence '\*'
<unknown>:432: SyntaxWarning: invalid escape sequence '\*'
✅ Build thành công 
psf__requests|python|847735553aeda6e6633f2b32e14ba14ba86887a4
\nĐang build Graph cho: 
psf__requests|python|3c88e520da24ae6f736929a750876e7654accc3d
Path: data/swebench_checkouts/psf__requests/psf__requests-1921
requests/api.py:48: SyntaxWarning: invalid escape sequence '\*'
  :param allow_redirects: (optional) Boolean. Enable/disable GET/OPTIONS/POST/PUT/PATCH/DELETE/HEAD redirection. Defaults to ``True``.
requests/api.py:59: SyntaxWarning: invalid escape sequence '\*'
  Usage::
requests/api.py:70: SyntaxWarning: invalid escape sequence '\*'
  with sessions.Session() as session:
requests/api.py:81: SyntaxWarning: invalid escape sequence '\*'
  in the query string for the :class:`Request`.
requests/api.py:92: SyntaxWarning: invalid escape sequence '\*'
  
requests/api.py:103: SyntaxWarning: invalid escape sequence '\*'
  r"""Sends a HEAD request.
requests/api.py:114: SyntaxWarning: invalid escape sequence '\*'
  return request("head", url, **kwargs)
requests/models.py:740: SyntaxWarning: invalid escape sequence '\*'
  raw: Any
requests/packages/urllib3/connectionpool.py:385: SyntaxWarning: invalid escape sequence '\*'
requests/packages/urllib3/connectionpool.py:664: SyntaxWarning: invalid escape sequence '\*'
requests/packages/urllib3/poolmanager.py:36: SyntaxWarning: invalid escape sequence '\*'
requests/sessions.py:396: SyntaxWarning: invalid escape sequence '\*'
  """A Requests session.
requests/sessions.py:406: SyntaxWarning: invalid escape sequence '\*'
  
requests/sessions.py:416: SyntaxWarning: invalid escape sequence '\*'
  proxies: dict[str, str]
requests/sessions.py:426: SyntaxWarning: invalid escape sequence '\*'
  
requests/sessions.py:436: SyntaxWarning: invalid escape sequence '\*'
  "adapters",
requests/sessions.py:446: SyntaxWarning: invalid escape sequence '\*'
  self.headers = default_headers()
requests/sessions.py:456: SyntaxWarning: invalid escape sequence '\*'
  
<unknown>:48: SyntaxWarning: invalid escape sequence '\*'
<unknown>:59: SyntaxWarning: invalid escape sequence '\*'
<unknown>:70: SyntaxWarning: invalid escape sequence '\*'
<unknown>:81: SyntaxWarning: invalid escape sequence '\*'
<unknown>:92: SyntaxWarning: invalid escape sequence '\*'
<unknown>:103: SyntaxWarning: invalid escape sequence '\*'
<unknown>:114: SyntaxWarning: invalid escape sequence '\*'
<unknown>:740: SyntaxWarning: invalid escape sequence '\*'
<unknown>:385: SyntaxWarning: invalid escape sequence '\*'
<unknown>:664: SyntaxWarning: invalid escape sequence '\*'
<unknown>:36: SyntaxWarning: invalid escape sequence '\*'
<unknown>:396: SyntaxWarning: invalid escape sequence '\*'
<unknown>:406: SyntaxWarning: invalid escape sequence '\*'
<unknown>:416: SyntaxWarning: invalid escape sequence '\*'
<unknown>:426: SyntaxWarning: invalid escape sequence '\*'
<unknown>:436: SyntaxWarning: invalid escape sequence '\*'
<unknown>:446: SyntaxWarning: invalid escape sequence '\*'
<unknown>:456: SyntaxWarning: invalid escape sequence '\*'
✅ Build thành công 
psf__requests|python|3c88e520da24ae6f736929a750876e7654accc3d
\nĐang build Graph cho: 
psf__requests|python|3eb69be879063de4803f7f0152b83738a1c95ca4
Path: data/swebench_checkouts/psf__requests/psf__requests-2153
requests/api.py:48: SyntaxWarning: invalid escape sequence '\*'
  :param allow_redirects: (optional) Boolean. Enable/disable GET/OPTIONS/POST/PUT/PATCH/DELETE/HEAD redirection. Defaults to ``True``.
requests/api.py:59: SyntaxWarning: invalid escape sequence '\*'
  Usage::
requests/api.py:70: SyntaxWarning: invalid escape sequence '\*'
  with sessions.Session() as session:
requests/api.py:81: SyntaxWarning: invalid escape sequence '\*'
  in the query string for the :class:`Request`.
requests/api.py:92: SyntaxWarning: invalid escape sequence '\*'
  
requests/api.py:103: SyntaxWarning: invalid escape sequence '\*'
  r"""Sends a HEAD request.
requests/api.py:114: SyntaxWarning: invalid escape sequence '\*'
  return request("head", url, **kwargs)
requests/models.py:756: SyntaxWarning: invalid escape sequence '\*'
  "encoding",
requests/packages/urllib3/connectionpool.py:80: SyntaxWarning: invalid escape sequence '\*'
requests/packages/urllib3/connectionpool.py:403: SyntaxWarning: invalid escape sequence '\*'
requests/packages/urllib3/connectionpool.py:734: SyntaxWarning: invalid escape sequence '\*'
requests/packages/urllib3/poolmanager.py:32: SyntaxWarning: invalid escape sequence '\*'
requests/sessions.py:466: SyntaxWarning: invalid escape sequence '\*'
  self.stream = False
requests/sessions.py:476: SyntaxWarning: invalid escape sequence '\*'
  #: If verify is set to a string, it must be the path to a CA bundle file
requests/sessions.py:486: SyntaxWarning: invalid escape sequence '\*'
  #: This defaults to requests.models.DEFAULT_REDIRECT_LIMIT, which is
requests/sessions.py:496: SyntaxWarning: invalid escape sequence '\*'
  #: :class:`RequestsCookieJar <requests.cookies.RequestsCookieJar>`, but
requests/sessions.py:506: SyntaxWarning: invalid escape sequence '\*'
  return self
requests/sessions.py:516: SyntaxWarning: invalid escape sequence '\*'
  
requests/sessions.py:526: SyntaxWarning: invalid escape sequence '\*'
  # Bootstrap CookieJar.
<unknown>:48: SyntaxWarning: invalid escape sequence '\*'
<unknown>:59: SyntaxWarning: invalid escape sequence '\*'
<unknown>:70: SyntaxWarning: invalid escape sequence '\*'
<unknown>:81: SyntaxWarning: invalid escape sequence '\*'
<unknown>:92: SyntaxWarning: invalid escape sequence '\*'
<unknown>:103: SyntaxWarning: invalid escape sequence '\*'
<unknown>:114: SyntaxWarning: invalid escape sequence '\*'
<unknown>:756: SyntaxWarning: invalid escape sequence '\*'
<unknown>:80: SyntaxWarning: invalid escape sequence '\*'
<unknown>:403: SyntaxWarning: invalid escape sequence '\*'
<unknown>:734: SyntaxWarning: invalid escape sequence '\*'
<unknown>:32: SyntaxWarning: invalid escape sequence '\*'
<unknown>:466: SyntaxWarning: invalid escape sequence '\*'
<unknown>:476: SyntaxWarning: invalid escape sequence '\*'
<unknown>:486: SyntaxWarning: invalid escape sequence '\*'
<unknown>:496: SyntaxWarning: invalid escape sequence '\*'
<unknown>:506: SyntaxWarning: invalid escape sequence '\*'
<unknown>:516: SyntaxWarning: invalid escape sequence '\*'
<unknown>:526: SyntaxWarning: invalid escape sequence '\*'
✅ Build thành công 
psf__requests|python|3eb69be879063de4803f7f0152b83738a1c95ca4
\nĐang build Graph cho: 
psf__requests|python|39d0fdd9096f7dceccbc8f82e1eda7dd64717a8e
Path: data/swebench_checkouts/psf__requests/psf__requests-5414
✅ Build thành công 
psf__requests|python|39d0fdd9096f7dceccbc8f82e1eda7dd64717a8e
\nĐang build Graph cho: 
psf__requests|python|1ba83c47ce7b177efe90d5f51f7760680f72eda0
Path: data/swebench_checkouts/psf__requests/psf__requests-1724
requests/api.py:48: SyntaxWarning: invalid escape sequence '\*'
  :param allow_redirects: (optional) Boolean. Enable/disable GET/OPTIONS/POST/PUT/PATCH/DELETE/HEAD redirection. Defaults to ``True``.
requests/api.py:59: SyntaxWarning: invalid escape sequence '\*'
  Usage::
requests/api.py:70: SyntaxWarning: invalid escape sequence '\*'
  with sessions.Session() as session:
requests/api.py:81: SyntaxWarning: invalid escape sequence '\*'
  in the query string for the :class:`Request`.
requests/api.py:92: SyntaxWarning: invalid escape sequence '\*'
  
requests/api.py:103: SyntaxWarning: invalid escape sequence '\*'
  r"""Sends a HEAD request.
requests/api.py:114: SyntaxWarning: invalid escape sequence '\*'
  return request("head", url, **kwargs)
requests/models.py:681: SyntaxWarning: invalid escape sequence '\*'
  if isinstance(auth, tuple) and len(auth) == 2:  # type: ignore[arg-type]  # pyright widens tuple from Callable in AuthType
requests/packages/urllib3/connectionpool.py:383: SyntaxWarning: invalid escape sequence '\*'
requests/packages/urllib3/connectionpool.py:651: SyntaxWarning: invalid escape sequence '\*'
requests/packages/urllib3/poolmanager.py:36: SyntaxWarning: invalid escape sequence '\*'
requests/sessions.py:366: SyntaxWarning: invalid escape sequence '\*'
  headers["Proxy-Authorization"] = _basic_auth_str(username, password)
requests/sessions.py:376: SyntaxWarning: invalid escape sequence '\*'
  method = prepared_request.method
requests/sessions.py:386: SyntaxWarning: invalid escape sequence '\*'
  
requests/sessions.py:396: SyntaxWarning: invalid escape sequence '\*'
  """A Requests session.
requests/sessions.py:406: SyntaxWarning: invalid escape sequence '\*'
  
requests/sessions.py:416: SyntaxWarning: invalid escape sequence '\*'
  proxies: dict[str, str]
requests/sessions.py:426: SyntaxWarning: invalid escape sequence '\*'
  
<unknown>:48: SyntaxWarning: invalid escape sequence '\*'
<unknown>:59: SyntaxWarning: invalid escape sequence '\*'
<unknown>:70: SyntaxWarning: invalid escape sequence '\*'
<unknown>:81: SyntaxWarning: invalid escape sequence '\*'
<unknown>:92: SyntaxWarning: invalid escape sequence '\*'
<unknown>:103: SyntaxWarning: invalid escape sequence '\*'
<unknown>:114: SyntaxWarning: invalid escape sequence '\*'
<unknown>:681: SyntaxWarning: invalid escape sequence '\*'
<unknown>:383: SyntaxWarning: invalid escape sequence '\*'
<unknown>:651: SyntaxWarning: invalid escape sequence '\*'
<unknown>:36: SyntaxWarning: invalid escape sequence '\*'
<unknown>:366: SyntaxWarning: invalid escape sequence '\*'
<unknown>:376: SyntaxWarning: invalid escape sequence '\*'
<unknown>:386: SyntaxWarning: invalid escape sequence '\*'
<unknown>:396: SyntaxWarning: invalid escape sequence '\*'
<unknown>:406: SyntaxWarning: invalid escape sequence '\*'
<unknown>:416: SyntaxWarning: invalid escape sequence '\*'
<unknown>:426: SyntaxWarning: invalid escape sequence '\*'
✅ Build thành công 
psf__requests|python|1ba83c47ce7b177efe90d5f51f7760680f72eda0
\nĐang build Graph cho: 
psf__requests|python|22623bd8c265b78b161542663ee980738441c307
Path: data/swebench_checkouts/psf__requests/psf__requests-1142
requests/api.py:48: SyntaxWarning: invalid escape sequence '\*'
  :param allow_redirects: (optional) Boolean. Enable/disable GET/OPTIONS/POST/PUT/PATCH/DELETE/HEAD redirection. Defaults to ``True``.
requests/api.py:59: SyntaxWarning: invalid escape sequence '\*'
  Usage::
requests/api.py:70: SyntaxWarning: invalid escape sequence '\*'
  with sessions.Session() as session:
requests/api.py:80: SyntaxWarning: invalid escape sequence '\*'
  :param params: (optional) Dictionary, list of tuples or bytes to send
requests/api.py:91: SyntaxWarning: invalid escape sequence '\*'
  r"""Sends an OPTIONS request.
requests/api.py:102: SyntaxWarning: invalid escape sequence '\*'
  def head(url: _t.UriType, **kwargs: Unpack[_t.RequestKwargs]) -> Response:
requests/api.py:113: SyntaxWarning: invalid escape sequence '\*'
  kwargs.setdefault("allow_redirects", False)
requests/models.py:607: SyntaxWarning: invalid escape sequence '\*'
  body = data
requests/packages/urllib3/connectionpool.py:328: SyntaxWarning: invalid escape sequence '\*'
requests/packages/urllib3/connectionpool.py:556: SyntaxWarning: invalid escape sequence '\*'
requests/packages/urllib3/poolmanager.py:28: SyntaxWarning: invalid escape sequence '\*'
requests/sessions.py:301: SyntaxWarning: invalid escape sequence '\*'
  )
requests/sessions.py:311: SyntaxWarning: invalid escape sequence '\*'
  ) -> None:
requests/sessions.py:321: SyntaxWarning: invalid escape sequence '\*'
  original_url = original_request.url
requests/sessions.py:331: SyntaxWarning: invalid escape sequence '\*'
  if new_auth is not None:
requests/sessions.py:341: SyntaxWarning: invalid escape sequence '\*'
  NO_PROXY, we strip the proxy configuration. Otherwise, we set missing
requests/sessions.py:351: SyntaxWarning: invalid escape sequence '\*'
  headers = prepared_request.headers
requests/sessions.py:361: SyntaxWarning: invalid escape sequence '\*'
  username, password = None, None
<unknown>:48: SyntaxWarning: invalid escape sequence '\*'
<unknown>:59: SyntaxWarning: invalid escape sequence '\*'
<unknown>:70: SyntaxWarning: invalid escape sequence '\*'
<unknown>:80: SyntaxWarning: invalid escape sequence '\*'
<unknown>:91: SyntaxWarning: invalid escape sequence '\*'
<unknown>:102: SyntaxWarning: invalid escape sequence '\*'
<unknown>:113: SyntaxWarning: invalid escape sequence '\*'
<unknown>:607: SyntaxWarning: invalid escape sequence '\*'
<unknown>:328: SyntaxWarning: invalid escape sequence '\*'
<unknown>:556: SyntaxWarning: invalid escape sequence '\*'
<unknown>:28: SyntaxWarning: invalid escape sequence '\*'
<unknown>:301: SyntaxWarning: invalid escape sequence '\*'
<unknown>:311: SyntaxWarning: invalid escape sequence '\*'
<unknown>:321: SyntaxWarning: invalid escape sequence '\*'
<unknown>:331: SyntaxWarning: invalid escape sequence '\*'
<unknown>:341: SyntaxWarning: invalid escape sequence '\*'
<unknown>:351: SyntaxWarning: invalid escape sequence '\*'
<unknown>:361: SyntaxWarning: invalid escape sequence '\*'
✅ Build thành công 
psf__requests|python|22623bd8c265b78b161542663ee980738441c307
\nĐang build Graph cho: 
psf__requests|python|43477edc91a8f49de1e9d96117f9cc6d087e71d9
Path: data/swebench_checkouts/psf__requests/psf__requests-1657
requests/api.py:48: SyntaxWarning: invalid escape sequence '\*'
  :param allow_redirects: (optional) Boolean. Enable/disable GET/OPTIONS/POST/PUT/PATCH/DELETE/HEAD redirection. Defaults to ``True``.
requests/api.py:59: SyntaxWarning: invalid escape sequence '\*'
  Usage::
requests/api.py:70: SyntaxWarning: invalid escape sequence '\*'
  with sessions.Session() as session:
requests/api.py:81: SyntaxWarning: invalid escape sequence '\*'
  in the query string for the :class:`Request`.
requests/api.py:92: SyntaxWarning: invalid escape sequence '\*'
  
requests/api.py:103: SyntaxWarning: invalid escape sequence '\*'
  r"""Sends a HEAD request.
requests/api.py:114: SyntaxWarning: invalid escape sequence '\*'
  return request("head", url, **kwargs)
requests/models.py:680: SyntaxWarning: invalid escape sequence '\*'
  if auth:
requests/packages/urllib3/connectionpool.py:453: SyntaxWarning: invalid escape sequence '\*'
requests/packages/urllib3/connectionpool.py:722: SyntaxWarning: invalid escape sequence '\*'
requests/packages/urllib3/poolmanager.py:36: SyntaxWarning: invalid escape sequence '\*'
requests/sessions.py:366: SyntaxWarning: invalid escape sequence '\*'
  headers["Proxy-Authorization"] = _basic_auth_str(username, password)
requests/sessions.py:376: SyntaxWarning: invalid escape sequence '\*'
  method = prepared_request.method
requests/sessions.py:386: SyntaxWarning: invalid escape sequence '\*'
  
requests/sessions.py:396: SyntaxWarning: invalid escape sequence '\*'
  """A Requests session.
requests/sessions.py:406: SyntaxWarning: invalid escape sequence '\*'
  
requests/sessions.py:416: SyntaxWarning: invalid escape sequence '\*'
  proxies: dict[str, str]
requests/sessions.py:426: SyntaxWarning: invalid escape sequence '\*'
  
<unknown>:48: SyntaxWarning: invalid escape sequence '\*'
<unknown>:59: SyntaxWarning: invalid escape sequence '\*'
<unknown>:70: SyntaxWarning: invalid escape sequence '\*'
<unknown>:81: SyntaxWarning: invalid escape sequence '\*'
<unknown>:92: SyntaxWarning: invalid escape sequence '\*'
<unknown>:103: SyntaxWarning: invalid escape sequence '\*'
<unknown>:114: SyntaxWarning: invalid escape sequence '\*'
<unknown>:680: SyntaxWarning: invalid escape sequence '\*'
<unknown>:453: SyntaxWarning: invalid escape sequence '\*'
<unknown>:722: SyntaxWarning: invalid escape sequence '\*'
<unknown>:36: SyntaxWarning: invalid escape sequence '\*'
<unknown>:366: SyntaxWarning: invalid escape sequence '\*'
<unknown>:376: SyntaxWarning: invalid escape sequence '\*'
<unknown>:386: SyntaxWarning: invalid escape sequence '\*'
<unknown>:396: SyntaxWarning: invalid escape sequence '\*'
<unknown>:406: SyntaxWarning: invalid escape sequence '\*'
<unknown>:416: SyntaxWarning: invalid escape sequence '\*'
<unknown>:426: SyntaxWarning: invalid escape sequence '\*'
✅ Build thành công 
psf__requests|python|43477edc91a8f49de1e9d96117f9cc6d087e71d9
\nĐang build Graph cho: 
psf__requests|python|2aabb71dc8db434122c2e00c9d1313c6f368ce1c
Path: data/swebench_checkouts/psf__requests/psf__requests-1376
requests/api.py:48: SyntaxWarning: invalid escape sequence '\*'
  :param allow_redirects: (optional) Boolean. Enable/disable GET/OPTIONS/POST/PUT/PATCH/DELETE/HEAD redirection. Defaults to ``True``.
requests/api.py:59: SyntaxWarning: invalid escape sequence '\*'
  Usage::
requests/api.py:70: SyntaxWarning: invalid escape sequence '\*'
  with sessions.Session() as session:
requests/api.py:81: SyntaxWarning: invalid escape sequence '\*'
  in the query string for the :class:`Request`.
requests/api.py:92: SyntaxWarning: invalid escape sequence '\*'
  
requests/api.py:103: SyntaxWarning: invalid escape sequence '\*'
  r"""Sends a HEAD request.
requests/api.py:114: SyntaxWarning: invalid escape sequence '\*'
  return request("head", url, **kwargs)
requests/models.py:638: SyntaxWarning: invalid escape sequence '\*'
  body = self._encode_params(raw_data)
requests/packages/urllib3/connectionpool.py:335: SyntaxWarning: invalid escape sequence '\*'
requests/packages/urllib3/connectionpool.py:574: SyntaxWarning: invalid escape sequence '\*'
requests/packages/urllib3/poolmanager.py:31: SyntaxWarning: invalid escape sequence '\*'
requests/sessions.py:340: SyntaxWarning: invalid escape sequence '\*'
  environment variables. If we are redirected to a URL covered by
requests/sessions.py:350: SyntaxWarning: invalid escape sequence '\*'
  assert _is_prepared(prepared_request)
requests/sessions.py:360: SyntaxWarning: invalid escape sequence '\*'
  except KeyError:
requests/sessions.py:370: SyntaxWarning: invalid escape sequence '\*'
  def rebuild_method(
requests/sessions.py:380: SyntaxWarning: invalid escape sequence '\*'
  method = "GET"
requests/sessions.py:390: SyntaxWarning: invalid escape sequence '\*'
  method = "GET"
requests/sessions.py:400: SyntaxWarning: invalid escape sequence '\*'
  Basic Usage::
<unknown>:48: SyntaxWarning: invalid escape sequence '\*'
<unknown>:59: SyntaxWarning: invalid escape sequence '\*'
<unknown>:70: SyntaxWarning: invalid escape sequence '\*'
<unknown>:81: SyntaxWarning: invalid escape sequence '\*'
<unknown>:92: SyntaxWarning: invalid escape sequence '\*'
<unknown>:103: SyntaxWarning: invalid escape sequence '\*'
<unknown>:114: SyntaxWarning: invalid escape sequence '\*'
<unknown>:638: SyntaxWarning: invalid escape sequence '\*'
<unknown>:335: SyntaxWarning: invalid escape sequence '\*'
<unknown>:574: SyntaxWarning: invalid escape sequence '\*'
<unknown>:31: SyntaxWarning: invalid escape sequence '\*'
<unknown>:340: SyntaxWarning: invalid escape sequence '\*'
<unknown>:350: SyntaxWarning: invalid escape sequence '\*'
<unknown>:360: SyntaxWarning: invalid escape sequence '\*'
<unknown>:370: SyntaxWarning: invalid escape sequence '\*'
<unknown>:380: SyntaxWarning: invalid escape sequence '\*'
<unknown>:390: SyntaxWarning: invalid escape sequence '\*'
<unknown>:400: SyntaxWarning: invalid escape sequence '\*'
✅ Build thành công 
psf__requests|python|2aabb71dc8db434122c2e00c9d1313c6f368ce1c
\nĐang build Graph cho: 
psf__requests|python|e7786ec14fdf20e8c373eddc9ac0f67d211cb1b9
Path: data/swebench_checkouts/psf__requests/psf__requests-1327
requests/api.py:48: SyntaxWarning: invalid escape sequence '\*'
  :param allow_redirects: (optional) Boolean. Enable/disable GET/OPTIONS/POST/PUT/PATCH/DELETE/HEAD redirection. Defaults to ``True``.
requests/api.py:59: SyntaxWarning: invalid escape sequence '\*'
  Usage::
requests/api.py:70: SyntaxWarning: invalid escape sequence '\*'
  with sessions.Session() as session:
requests/api.py:81: SyntaxWarning: invalid escape sequence '\*'
  in the query string for the :class:`Request`.
requests/api.py:92: SyntaxWarning: invalid escape sequence '\*'
  
requests/api.py:103: SyntaxWarning: invalid escape sequence '\*'
  r"""Sends a HEAD request.
requests/api.py:114: SyntaxWarning: invalid escape sequence '\*'
  return request("head", url, **kwargs)
requests/models.py:630: SyntaxWarning: invalid escape sequence '\*'
  # After is_stream filtering, remaining data is raw (not streamed)
requests/packages/urllib3/connectionpool.py:335: SyntaxWarning: invalid escape sequence '\*'
requests/packages/urllib3/connectionpool.py:574: SyntaxWarning: invalid escape sequence '\*'
requests/packages/urllib3/poolmanager.py:31: SyntaxWarning: invalid escape sequence '\*'
requests/sessions.py:351: SyntaxWarning: invalid escape sequence '\*'
  headers = prepared_request.headers
requests/sessions.py:361: SyntaxWarning: invalid escape sequence '\*'
  username, password = None, None
requests/sessions.py:371: SyntaxWarning: invalid escape sequence '\*'
  self, prepared_request: PreparedRequest, response: Response
requests/sessions.py:381: SyntaxWarning: invalid escape sequence '\*'
  
requests/sessions.py:391: SyntaxWarning: invalid escape sequence '\*'
  
requests/sessions.py:401: SyntaxWarning: invalid escape sequence '\*'
  
requests/sessions.py:411: SyntaxWarning: invalid escape sequence '\*'
  <Response [200]>
<unknown>:48: SyntaxWarning: invalid escape sequence '\*'
<unknown>:59: SyntaxWarning: invalid escape sequence '\*'
<unknown>:70: SyntaxWarning: invalid escape sequence '\*'
<unknown>:81: SyntaxWarning: invalid escape sequence '\*'
<unknown>:92: SyntaxWarning: invalid escape sequence '\*'
<unknown>:103: SyntaxWarning: invalid escape sequence '\*'
<unknown>:114: SyntaxWarning: invalid escape sequence '\*'
<unknown>:630: SyntaxWarning: invalid escape sequence '\*'
<unknown>:335: SyntaxWarning: invalid escape sequence '\*'
<unknown>:574: SyntaxWarning: invalid escape sequence '\*'
<unknown>:31: SyntaxWarning: invalid escape sequence '\*'
<unknown>:351: SyntaxWarning: invalid escape sequence '\*'
<unknown>:361: SyntaxWarning: invalid escape sequence '\*'
<unknown>:371: SyntaxWarning: invalid escape sequence '\*'
<unknown>:381: SyntaxWarning: invalid escape sequence '\*'
<unknown>:391: SyntaxWarning: invalid escape sequence '\*'
<unknown>:401: SyntaxWarning: invalid escape sequence '\*'
<unknown>:411: SyntaxWarning: invalid escape sequence '\*'
✅ Build thành công 
psf__requests|python|e7786ec14fdf20e8c373eddc9ac0f67d211cb1b9
\nĐang build Graph cho: 
psf__requests|python|4bceb312f1b99d36a25f2985b5606e98b6f0d8cd
Path: data/swebench_checkouts/psf__requests/psf__requests-1776
requests/api.py:48: SyntaxWarning: invalid escape sequence '\*'
  :param allow_redirects: (optional) Boolean. Enable/disable GET/OPTIONS/POST/PUT/PATCH/DELETE/HEAD redirection. Defaults to ``True``.
requests/api.py:59: SyntaxWarning: invalid escape sequence '\*'
  Usage::
requests/api.py:70: SyntaxWarning: invalid escape sequence '\*'
  with sessions.Session() as session:
requests/api.py:81: SyntaxWarning: invalid escape sequence '\*'
  in the query string for the :class:`Request`.
requests/api.py:92: SyntaxWarning: invalid escape sequence '\*'
  
requests/api.py:103: SyntaxWarning: invalid escape sequence '\*'
  r"""Sends a HEAD request.
requests/api.py:114: SyntaxWarning: invalid escape sequence '\*'
  return request("head", url, **kwargs)
requests/models.py:717: SyntaxWarning: invalid escape sequence '\*'
  if cookie_header is not None:
requests/packages/urllib3/connectionpool.py:383: SyntaxWarning: invalid escape sequence '\*'
requests/packages/urllib3/connectionpool.py:658: SyntaxWarning: invalid escape sequence '\*'
requests/packages/urllib3/poolmanager.py:36: SyntaxWarning: invalid escape sequence '\*'
requests/sessions.py:388: SyntaxWarning: invalid escape sequence '\*'
  # This bizarre behaviour is explained in Issue 1704.
requests/sessions.py:398: SyntaxWarning: invalid escape sequence '\*'
  Provides cookie persistence, connection-pooling, and configuration.
requests/sessions.py:408: SyntaxWarning: invalid escape sequence '\*'
  
requests/sessions.py:418: SyntaxWarning: invalid escape sequence '\*'
  params: MutableMapping[str, Any]
requests/sessions.py:428: SyntaxWarning: invalid escape sequence '\*'
  "headers",
requests/sessions.py:438: SyntaxWarning: invalid escape sequence '\*'
  "trust_env",
requests/sessions.py:448: SyntaxWarning: invalid escape sequence '\*'
  #: Default Authentication tuple or object to attach to
<unknown>:48: SyntaxWarning: invalid escape sequence '\*'
<unknown>:59: SyntaxWarning: invalid escape sequence '\*'
<unknown>:70: SyntaxWarning: invalid escape sequence '\*'
<unknown>:81: SyntaxWarning: invalid escape sequence '\*'
<unknown>:92: SyntaxWarning: invalid escape sequence '\*'
<unknown>:103: SyntaxWarning: invalid escape sequence '\*'
<unknown>:114: SyntaxWarning: invalid escape sequence '\*'
<unknown>:717: SyntaxWarning: invalid escape sequence '\*'
<unknown>:383: SyntaxWarning: invalid escape sequence '\*'
<unknown>:658: SyntaxWarning: invalid escape sequence '\*'
<unknown>:36: SyntaxWarning: invalid escape sequence '\*'
<unknown>:388: SyntaxWarning: invalid escape sequence '\*'
<unknown>:398: SyntaxWarning: invalid escape sequence '\*'
<unknown>:408: SyntaxWarning: invalid escape sequence '\*'
<unknown>:418: SyntaxWarning: invalid escape sequence '\*'
<unknown>:428: SyntaxWarning: invalid escape sequence '\*'
<unknown>:438: SyntaxWarning: invalid escape sequence '\*'
<unknown>:448: SyntaxWarning: invalid escape sequence '\*'
✅ Build thành công 
psf__requests|python|4bceb312f1b99d36a25f2985b5606e98b6f0d8cd
\nĐang build Graph cho: 
psf__requests|python|36453b95b13079296776d11b09cab2567ea3e703
Path: data/swebench_checkouts/psf__requests/psf__requests-3362
requests/api.py:61: SyntaxWarning: invalid escape sequence '\*'
  >>> import requests
requests/api.py:75: SyntaxWarning: invalid escape sequence '\*'
  url: _t.UriType, params: _t.ParamsType = None, **kwargs: Unpack[_t.GetKwargs]
requests/api.py:88: SyntaxWarning: invalid escape sequence '\*'
  
requests/api.py:101: SyntaxWarning: invalid escape sequence '\*'
  
requests/api.py:115: SyntaxWarning: invalid escape sequence '\*'
  
requests/api.py:128: SyntaxWarning: invalid escape sequence '\*'
  :param json: (optional) A JSON serializable Python object to send in the body of the :class:`Request`.
requests/api.py:141: SyntaxWarning: invalid escape sequence '\*'
  
requests/models.py:796: SyntaxWarning: invalid escape sequence '\*'
  self.cookies = cookiejar_from_dict({})
requests/packages/urllib3/connectionpool.py:105: SyntaxWarning: invalid escape sequence '\*'
requests/packages/urllib3/connectionpool.py:448: SyntaxWarning: invalid escape sequence '\*'
requests/packages/urllib3/connectionpool.py:825: SyntaxWarning: invalid escape sequence '\*'
requests/packages/urllib3/poolmanager.py:33: SyntaxWarning: invalid escape sequence '\*'
requests/sessions.py:482: SyntaxWarning: invalid escape sequence '\*'
  self.cert = None
requests/sessions.py:492: SyntaxWarning: invalid escape sequence '\*'
  self.trust_env = True
requests/sessions.py:502: SyntaxWarning: invalid escape sequence '\*'
  self.mount("https://", HTTPAdapter())
requests/sessions.py:512: SyntaxWarning: invalid escape sequence '\*'
  """Constructs a :class:`PreparedRequest <PreparedRequest>` for
requests/sessions.py:523: SyntaxWarning: invalid escape sequence '\*'
  
requests/sessions.py:533: SyntaxWarning: invalid escape sequence '\*'
  )
requests/sessions.py:543: SyntaxWarning: invalid escape sequence '\*'
  url=url,
<unknown>:61: SyntaxWarning: invalid escape sequence '\*'
<unknown>:75: SyntaxWarning: invalid escape sequence '\*'
<unknown>:88: SyntaxWarning: invalid escape sequence '\*'
<unknown>:101: SyntaxWarning: invalid escape sequence '\*'
<unknown>:115: SyntaxWarning: invalid escape sequence '\*'
<unknown>:128: SyntaxWarning: invalid escape sequence '\*'
<unknown>:141: SyntaxWarning: invalid escape sequence '\*'
<unknown>:796: SyntaxWarning: invalid escape sequence '\*'
<unknown>:105: SyntaxWarning: invalid escape sequence '\*'
<unknown>:448: SyntaxWarning: invalid escape sequence '\*'
<unknown>:825: SyntaxWarning: invalid escape sequence '\*'
<unknown>:33: SyntaxWarning: invalid escape sequence '\*'
<unknown>:482: SyntaxWarning: invalid escape sequence '\*'
<unknown>:492: SyntaxWarning: invalid escape sequence '\*'
<unknown>:502: SyntaxWarning: invalid escape sequence '\*'
<unknown>:512: SyntaxWarning: invalid escape sequence '\*'
<unknown>:523: SyntaxWarning: invalid escape sequence '\*'
<unknown>:533: SyntaxWarning: invalid escape sequence '\*'
<unknown>:543: SyntaxWarning: invalid escape sequence '\*'
✅ Build thành công 
psf__requests|python|36453b95b13079296776d11b09cab2567ea3e703
\nĐang build Graph cho: 
psf__requests|python|2d763c90ae6ccee1a3c64bf70add776a2ba395ef
Path: data/swebench_checkouts/psf__requests/psf__requests-4106
✅ Build thành công 
psf__requests|python|2d763c90ae6ccee1a3c64bf70add776a2ba395ef
\nĐang build Graph cho: 
psf__requests|python|ca15d4808734c86801c8f3d80c9152c35a163dc3
Path: data/swebench_checkouts/psf__requests/psf__requests-3738
requests/api.py:60: SyntaxWarning: invalid escape sequence '\*'
  
requests/api.py:74: SyntaxWarning: invalid escape sequence '\*'
  def get(
requests/api.py:87: SyntaxWarning: invalid escape sequence '\*'
  return request("get", url, params=params, **kwargs)
requests/api.py:100: SyntaxWarning: invalid escape sequence '\*'
  
requests/api.py:114: SyntaxWarning: invalid escape sequence '\*'
  return request("head", url, **kwargs)
requests/api.py:128: SyntaxWarning: invalid escape sequence '\*'
  :param json: (optional) A JSON serializable Python object to send in the body of the :class:`Request`.
requests/api.py:142: SyntaxWarning: invalid escape sequence '\*'
  :param url: URL for the new :class:`Request` object.
requests/models.py:827: SyntaxWarning: invalid escape sequence '\*'
  
requests/packages/urllib3/connectionpool.py:103: SyntaxWarning: invalid escape sequence '\*'
requests/packages/urllib3/connectionpool.py:453: SyntaxWarning: invalid escape sequence '\*'
requests/packages/urllib3/connectionpool.py:847: SyntaxWarning: invalid escape sequence '\*'
requests/packages/urllib3/poolmanager.py:84: SyntaxWarning: invalid escape sequence '\*'
requests/sessions.py:493: SyntaxWarning: invalid escape sequence '\*'
  
requests/sessions.py:504: SyntaxWarning: invalid escape sequence '\*'
  
requests/sessions.py:515: SyntaxWarning: invalid escape sequence '\*'
  :class:`Session`.
requests/sessions.py:526: SyntaxWarning: invalid escape sequence '\*'
  # Bootstrap CookieJar.
requests/sessions.py:538: SyntaxWarning: invalid escape sequence '\*'
  auth = get_netrc_auth(url)
requests/sessions.py:549: SyntaxWarning: invalid escape sequence '\*'
  ),
requests/sessions.py:560: SyntaxWarning: invalid escape sequence '\*'
  url: _t.UriType,
<unknown>:60: SyntaxWarning: invalid escape sequence '\*'
<unknown>:74: SyntaxWarning: invalid escape sequence '\*'
<unknown>:87: SyntaxWarning: invalid escape sequence '\*'
<unknown>:100: SyntaxWarning: invalid escape sequence '\*'
<unknown>:114: SyntaxWarning: invalid escape sequence '\*'
<unknown>:128: SyntaxWarning: invalid escape sequence '\*'
<unknown>:142: SyntaxWarning: invalid escape sequence '\*'
<unknown>:827: SyntaxWarning: invalid escape sequence '\*'
<unknown>:103: SyntaxWarning: invalid escape sequence '\*'
<unknown>:453: SyntaxWarning: invalid escape sequence '\*'
<unknown>:847: SyntaxWarning: invalid escape sequence '\*'
<unknown>:84: SyntaxWarning: invalid escape sequence '\*'
<unknown>:493: SyntaxWarning: invalid escape sequence '\*'
<unknown>:504: SyntaxWarning: invalid escape sequence '\*'
<unknown>:515: SyntaxWarning: invalid escape sequence '\*'
<unknown>:526: SyntaxWarning: invalid escape sequence '\*'
<unknown>:538: SyntaxWarning: invalid escape sequence '\*'
<unknown>:549: SyntaxWarning: invalid escape sequence '\*'
<unknown>:560: SyntaxWarning: invalid escape sequence '\*'
✅ Build thành công 
psf__requests|python|ca15d4808734c86801c8f3d80c9152c35a163dc3
\nĐang build Graph cho: 
psf__requests|python|340b2459031feb421d678c3c75865c3b11c07938
Path: data/swebench_checkouts/psf__requests/psf__requests-1713
requests/api.py:48: SyntaxWarning: invalid escape sequence '\*'
  :param allow_redirects: (optional) Boolean. Enable/disable GET/OPTIONS/POST/PUT/PATCH/DELETE/HEAD redirection. Defaults to ``True``.
requests/api.py:59: SyntaxWarning: invalid escape sequence '\*'
  Usage::
requests/api.py:70: SyntaxWarning: invalid escape sequence '\*'
  with sessions.Session() as session:
requests/api.py:81: SyntaxWarning: invalid escape sequence '\*'
  in the query string for the :class:`Request`.
requests/api.py:92: SyntaxWarning: invalid escape sequence '\*'
  
requests/api.py:103: SyntaxWarning: invalid escape sequence '\*'
  r"""Sends a HEAD request.
requests/api.py:114: SyntaxWarning: invalid escape sequence '\*'
  return request("head", url, **kwargs)
requests/models.py:717: SyntaxWarning: invalid escape sequence '\*'
  if cookie_header is not None:
requests/packages/urllib3/connectionpool.py:383: SyntaxWarning: invalid escape sequence '\*'
requests/packages/urllib3/connectionpool.py:658: SyntaxWarning: invalid escape sequence '\*'
requests/packages/urllib3/poolmanager.py:36: SyntaxWarning: invalid escape sequence '\*'
requests/sessions.py:372: SyntaxWarning: invalid escape sequence '\*'
  ) -> None:
requests/sessions.py:382: SyntaxWarning: invalid escape sequence '\*'
  # Do what the browsers do, despite standards...
requests/sessions.py:392: SyntaxWarning: invalid escape sequence '\*'
  prepared_request.method = method
requests/sessions.py:402: SyntaxWarning: invalid escape sequence '\*'
  >>> import requests
requests/sessions.py:412: SyntaxWarning: invalid escape sequence '\*'
  """
requests/sessions.py:422: SyntaxWarning: invalid escape sequence '\*'
  max_redirects: int
requests/sessions.py:432: SyntaxWarning: invalid escape sequence '\*'
  "hooks",
<unknown>:48: SyntaxWarning: invalid escape sequence '\*'
<unknown>:59: SyntaxWarning: invalid escape sequence '\*'
<unknown>:70: SyntaxWarning: invalid escape sequence '\*'
<unknown>:81: SyntaxWarning: invalid escape sequence '\*'
<unknown>:92: SyntaxWarning: invalid escape sequence '\*'
<unknown>:103: SyntaxWarning: invalid escape sequence '\*'
<unknown>:114: SyntaxWarning: invalid escape sequence '\*'
<unknown>:717: SyntaxWarning: invalid escape sequence '\*'
<unknown>:383: SyntaxWarning: invalid escape sequence '\*'
<unknown>:658: SyntaxWarning: invalid escape sequence '\*'
<unknown>:36: SyntaxWarning: invalid escape sequence '\*'
<unknown>:372: SyntaxWarning: invalid escape sequence '\*'
<unknown>:382: SyntaxWarning: invalid escape sequence '\*'
<unknown>:392: SyntaxWarning: invalid escape sequence '\*'
<unknown>:402: SyntaxWarning: invalid escape sequence '\*'
<unknown>:412: SyntaxWarning: invalid escape sequence '\*'
<unknown>:422: SyntaxWarning: invalid escape sequence '\*'
<unknown>:432: SyntaxWarning: invalid escape sequence '\*'
✅ Build thành công 
psf__requests|python|340b2459031feb421d678c3c75865c3b11c07938
\nĐang build Graph cho: 
psf__requests|python|a123f8351dc9f7ddfb06c5fafb25fedf6d119ff1
Path: data/swebench_checkouts/psf__requests/psf__requests-1733
requests/api.py:48: SyntaxWarning: invalid escape sequence '\*'
  :param allow_redirects: (optional) Boolean. Enable/disable GET/OPTIONS/POST/PUT/PATCH/DELETE/HEAD redirection. Defaults to ``True``.
requests/api.py:59: SyntaxWarning: invalid escape sequence '\*'
  Usage::
requests/api.py:70: SyntaxWarning: invalid escape sequence '\*'
  with sessions.Session() as session:
requests/api.py:81: SyntaxWarning: invalid escape sequence '\*'
  in the query string for the :class:`Request`.
requests/api.py:92: SyntaxWarning: invalid escape sequence '\*'
  
requests/api.py:103: SyntaxWarning: invalid escape sequence '\*'
  r"""Sends a HEAD request.
requests/api.py:114: SyntaxWarning: invalid escape sequence '\*'
  return request("head", url, **kwargs)
requests/models.py:681: SyntaxWarning: invalid escape sequence '\*'
  if isinstance(auth, tuple) and len(auth) == 2:  # type: ignore[arg-type]  # pyright widens tuple from Callable in AuthType
requests/packages/urllib3/connectionpool.py:383: SyntaxWarning: invalid escape sequence '\*'
requests/packages/urllib3/connectionpool.py:658: SyntaxWarning: invalid escape sequence '\*'
requests/packages/urllib3/poolmanager.py:36: SyntaxWarning: invalid escape sequence '\*'
requests/sessions.py:369: SyntaxWarning: invalid escape sequence '\*'
  
requests/sessions.py:379: SyntaxWarning: invalid escape sequence '\*'
  if response.status_code == codes.see_other and method != "HEAD":
requests/sessions.py:389: SyntaxWarning: invalid escape sequence '\*'
  if response.status_code == codes.moved and method == "POST":
requests/sessions.py:399: SyntaxWarning: invalid escape sequence '\*'
  
requests/sessions.py:409: SyntaxWarning: invalid escape sequence '\*'
  >>> with requests.Session() as s:
requests/sessions.py:419: SyntaxWarning: invalid escape sequence '\*'
  stream: bool
requests/sessions.py:429: SyntaxWarning: invalid escape sequence '\*'
  "cookies",
<unknown>:48: SyntaxWarning: invalid escape sequence '\*'
<unknown>:59: SyntaxWarning: invalid escape sequence '\*'
<unknown>:70: SyntaxWarning: invalid escape sequence '\*'
<unknown>:81: SyntaxWarning: invalid escape sequence '\*'
<unknown>:92: SyntaxWarning: invalid escape sequence '\*'
<unknown>:103: SyntaxWarning: invalid escape sequence '\*'
<unknown>:114: SyntaxWarning: invalid escape sequence '\*'
<unknown>:681: SyntaxWarning: invalid escape sequence '\*'
<unknown>:383: SyntaxWarning: invalid escape sequence '\*'
<unknown>:658: SyntaxWarning: invalid escape sequence '\*'
<unknown>:36: SyntaxWarning: invalid escape sequence '\*'
<unknown>:369: SyntaxWarning: invalid escape sequence '\*'
<unknown>:379: SyntaxWarning: invalid escape sequence '\*'
<unknown>:389: SyntaxWarning: invalid escape sequence '\*'
<unknown>:399: SyntaxWarning: invalid escape sequence '\*'
<unknown>:409: SyntaxWarning: invalid escape sequence '\*'
<unknown>:419: SyntaxWarning: invalid escape sequence '\*'
<unknown>:429: SyntaxWarning: invalid escape sequence '\*'
✅ Build thành công 
psf__requests|python|a123f8351dc9f7ddfb06c5fafb25fedf6d119ff1
\nĐang build Graph cho: 
psf__requests|python|0be38a0c37c59c4b66ce908731da15b401655113
Path: data/swebench_checkouts/psf__requests/psf__requests-2674
requests/api.py:59: SyntaxWarning: invalid escape sequence '\*'
  Usage::
requests/api.py:73: SyntaxWarning: invalid escape sequence '\*'
  
requests/api.py:86: SyntaxWarning: invalid escape sequence '\*'
  
requests/api.py:99: SyntaxWarning: invalid escape sequence '\*'
  return request("options", url, **kwargs)
requests/api.py:113: SyntaxWarning: invalid escape sequence '\*'
  kwargs.setdefault("allow_redirects", False)
requests/api.py:126: SyntaxWarning: invalid escape sequence '\*'
  :param data: (optional) Dictionary, list of tuples, bytes, or file-like
requests/api.py:139: SyntaxWarning: invalid escape sequence '\*'
  ) -> Response:
requests/models.py:783: SyntaxWarning: invalid escape sequence '\*'
  
requests/packages/urllib3/connectionpool.py:95: SyntaxWarning: invalid escape sequence '\*'
requests/packages/urllib3/connectionpool.py:424: SyntaxWarning: invalid escape sequence '\*'
requests/packages/urllib3/connectionpool.py:772: SyntaxWarning: invalid escape sequence '\*'
requests/packages/urllib3/poolmanager.py:32: SyntaxWarning: invalid escape sequence '\*'
requests/sessions.py:470: SyntaxWarning: invalid escape sequence '\*'
  #: remote end.
requests/sessions.py:480: SyntaxWarning: invalid escape sequence '\*'
  #: SSL client certificate default, if String, path to ssl client
requests/sessions.py:490: SyntaxWarning: invalid escape sequence '\*'
  #: Trust environment settings for proxy configuration, default
requests/sessions.py:500: SyntaxWarning: invalid escape sequence '\*'
  # Default connection adapters.
requests/sessions.py:511: SyntaxWarning: invalid escape sequence '\*'
  def prepare_request(self, request: Request) -> PreparedRequest:
requests/sessions.py:521: SyntaxWarning: invalid escape sequence '\*'
  url = cast("_t.UriType", request.url)
requests/sessions.py:531: SyntaxWarning: invalid escape sequence '\*'
  merged_cookies = merge_cookies(
<unknown>:59: SyntaxWarning: invalid escape sequence '\*'
<unknown>:73: SyntaxWarning: invalid escape sequence '\*'
<unknown>:86: SyntaxWarning: invalid escape sequence '\*'
<unknown>:99: SyntaxWarning: invalid escape sequence '\*'
<unknown>:113: SyntaxWarning: invalid escape sequence '\*'
<unknown>:126: SyntaxWarning: invalid escape sequence '\*'
<unknown>:139: SyntaxWarning: invalid escape sequence '\*'
<unknown>:783: SyntaxWarning: invalid escape sequence '\*'
<unknown>:95: SyntaxWarning: invalid escape sequence '\*'
<unknown>:424: SyntaxWarning: invalid escape sequence '\*'
<unknown>:772: SyntaxWarning: invalid escape sequence '\*'
<unknown>:32: SyntaxWarning: invalid escape sequence '\*'
<unknown>:470: SyntaxWarning: invalid escape sequence '\*'
<unknown>:480: SyntaxWarning: invalid escape sequence '\*'
<unknown>:490: SyntaxWarning: invalid escape sequence '\*'
<unknown>:500: SyntaxWarning: invalid escape sequence '\*'
<unknown>:511: SyntaxWarning: invalid escape sequence '\*'
<unknown>:521: SyntaxWarning: invalid escape sequence '\*'
<unknown>:531: SyntaxWarning: invalid escape sequence '\*'
✅ Build thành công 
psf__requests|python|0be38a0c37c59c4b66ce908731da15b401655113
\nĐang build Graph cho: 
psf__requests|python|234f80af88ff2aab39bbd65a3131ae93e1917c25
Path: data/swebench_checkouts/psf__requests/psf__requests-4356
✅ Build thành công 
psf__requests|python|234f80af88ff2aab39bbd65a3131ae93e1917c25
\nĐang build Graph cho: 
psf__requests|python|ab36f3cc6f91f1e4903a3f4b31501cb7fefe4555
Path: data/swebench_checkouts/psf__requests/psf__requests-1339
requests/api.py:48: SyntaxWarning: invalid escape sequence '\*'
  :param allow_redirects: (optional) Boolean. Enable/disable GET/OPTIONS/POST/PUT/PATCH/DELETE/HEAD redirection. Defaults to ``True``.
requests/api.py:59: SyntaxWarning: invalid escape sequence '\*'
  Usage::
requests/api.py:70: SyntaxWarning: invalid escape sequence '\*'
  with sessions.Session() as session:
requests/api.py:81: SyntaxWarning: invalid escape sequence '\*'
  in the query string for the :class:`Request`.
requests/api.py:92: SyntaxWarning: invalid escape sequence '\*'
  
requests/api.py:103: SyntaxWarning: invalid escape sequence '\*'
  r"""Sends a HEAD request.
requests/api.py:114: SyntaxWarning: invalid escape sequence '\*'
  return request("head", url, **kwargs)
requests/models.py:630: SyntaxWarning: invalid escape sequence '\*'
  # After is_stream filtering, remaining data is raw (not streamed)
requests/packages/urllib3/connectionpool.py:335: SyntaxWarning: invalid escape sequence '\*'
requests/packages/urllib3/connectionpool.py:574: SyntaxWarning: invalid escape sequence '\*'
requests/packages/urllib3/poolmanager.py:31: SyntaxWarning: invalid escape sequence '\*'
requests/sessions.py:351: SyntaxWarning: invalid escape sequence '\*'
  headers = prepared_request.headers
requests/sessions.py:361: SyntaxWarning: invalid escape sequence '\*'
  username, password = None, None
requests/sessions.py:371: SyntaxWarning: invalid escape sequence '\*'
  self, prepared_request: PreparedRequest, response: Response
requests/sessions.py:381: SyntaxWarning: invalid escape sequence '\*'
  
requests/sessions.py:391: SyntaxWarning: invalid escape sequence '\*'
  
requests/sessions.py:401: SyntaxWarning: invalid escape sequence '\*'
  
requests/sessions.py:411: SyntaxWarning: invalid escape sequence '\*'
  <Response [200]>
<unknown>:48: SyntaxWarning: invalid escape sequence '\*'
<unknown>:59: SyntaxWarning: invalid escape sequence '\*'
<unknown>:70: SyntaxWarning: invalid escape sequence '\*'
<unknown>:81: SyntaxWarning: invalid escape sequence '\*'
<unknown>:92: SyntaxWarning: invalid escape sequence '\*'
<unknown>:103: SyntaxWarning: invalid escape sequence '\*'
<unknown>:114: SyntaxWarning: invalid escape sequence '\*'
<unknown>:630: SyntaxWarning: invalid escape sequence '\*'
<unknown>:335: SyntaxWarning: invalid escape sequence '\*'
<unknown>:574: SyntaxWarning: invalid escape sequence '\*'
<unknown>:31: SyntaxWarning: invalid escape sequence '\*'
<unknown>:351: SyntaxWarning: invalid escape sequence '\*'
<unknown>:361: SyntaxWarning: invalid escape sequence '\*'
<unknown>:371: SyntaxWarning: invalid escape sequence '\*'
<unknown>:381: SyntaxWarning: invalid escape sequence '\*'
<unknown>:391: SyntaxWarning: invalid escape sequence '\*'
<unknown>:401: SyntaxWarning: invalid escape sequence '\*'
<unknown>:411: SyntaxWarning: invalid escape sequence '\*'
✅ Build thành công 
psf__requests|python|ab36f3cc6f91f1e4903a3f4b31501cb7fefe4555
\nĐang build Graph cho: 
psf__requests|python|19756d57f73c2062240dd477dd8f8d8a7c0c512a
Path: data/swebench_checkouts/psf__requests/psf__requests-1888
requests/api.py:48: SyntaxWarning: invalid escape sequence '\*'
  :param allow_redirects: (optional) Boolean. Enable/disable GET/OPTIONS/POST/PUT/PATCH/DELETE/HEAD redirection. Defaults to ``True``.
requests/api.py:59: SyntaxWarning: invalid escape sequence '\*'
  Usage::
requests/api.py:70: SyntaxWarning: invalid escape sequence '\*'
  with sessions.Session() as session:
requests/api.py:81: SyntaxWarning: invalid escape sequence '\*'
  in the query string for the :class:`Request`.
requests/api.py:92: SyntaxWarning: invalid escape sequence '\*'
  
requests/api.py:103: SyntaxWarning: invalid escape sequence '\*'
  r"""Sends a HEAD request.
requests/api.py:114: SyntaxWarning: invalid escape sequence '\*'
  return request("head", url, **kwargs)
requests/models.py:728: SyntaxWarning: invalid escape sequence '\*'
  
requests/packages/urllib3/connectionpool.py:385: SyntaxWarning: invalid escape sequence '\*'
requests/packages/urllib3/connectionpool.py:664: SyntaxWarning: invalid escape sequence '\*'
requests/packages/urllib3/poolmanager.py:36: SyntaxWarning: invalid escape sequence '\*'
requests/sessions.py:388: SyntaxWarning: invalid escape sequence '\*'
  # This bizarre behaviour is explained in Issue 1704.
requests/sessions.py:398: SyntaxWarning: invalid escape sequence '\*'
  Provides cookie persistence, connection-pooling, and configuration.
requests/sessions.py:408: SyntaxWarning: invalid escape sequence '\*'
  
requests/sessions.py:418: SyntaxWarning: invalid escape sequence '\*'
  params: MutableMapping[str, Any]
requests/sessions.py:428: SyntaxWarning: invalid escape sequence '\*'
  "headers",
requests/sessions.py:438: SyntaxWarning: invalid escape sequence '\*'
  "trust_env",
requests/sessions.py:448: SyntaxWarning: invalid escape sequence '\*'
  #: Default Authentication tuple or object to attach to
<unknown>:48: SyntaxWarning: invalid escape sequence '\*'
<unknown>:59: SyntaxWarning: invalid escape sequence '\*'
<unknown>:70: SyntaxWarning: invalid escape sequence '\*'
<unknown>:81: SyntaxWarning: invalid escape sequence '\*'
<unknown>:92: SyntaxWarning: invalid escape sequence '\*'
<unknown>:103: SyntaxWarning: invalid escape sequence '\*'
<unknown>:114: SyntaxWarning: invalid escape sequence '\*'
<unknown>:728: SyntaxWarning: invalid escape sequence '\*'
<unknown>:385: SyntaxWarning: invalid escape sequence '\*'
<unknown>:664: SyntaxWarning: invalid escape sequence '\*'
<unknown>:36: SyntaxWarning: invalid escape sequence '\*'
<unknown>:388: SyntaxWarning: invalid escape sequence '\*'
<unknown>:398: SyntaxWarning: invalid escape sequence '\*'
<unknown>:408: SyntaxWarning: invalid escape sequence '\*'
<unknown>:418: SyntaxWarning: invalid escape sequence '\*'
<unknown>:428: SyntaxWarning: invalid escape sequence '\*'
<unknown>:438: SyntaxWarning: invalid escape sequence '\*'
<unknown>:448: SyntaxWarning: invalid escape sequence '\*'
✅ Build thành công 
psf__requests|python|19756d57f73c2062240dd477dd8f8d8a7c0c512a
\nĐang build Graph cho: 
psf__requests|python|95161ed313db11296c3bd473336340dbb19bb347
Path: data/swebench_checkouts/psf__requests/psf__requests-2193
requests/api.py:48: SyntaxWarning: invalid escape sequence '\*'
  :param allow_redirects: (optional) Boolean. Enable/disable GET/OPTIONS/POST/PUT/PATCH/DELETE/HEAD redirection. Defaults to ``True``.
requests/api.py:59: SyntaxWarning: invalid escape sequence '\*'
  Usage::
requests/api.py:70: SyntaxWarning: invalid escape sequence '\*'
  with sessions.Session() as session:
requests/api.py:81: SyntaxWarning: invalid escape sequence '\*'
  in the query string for the :class:`Request`.
requests/api.py:92: SyntaxWarning: invalid escape sequence '\*'
  
requests/api.py:103: SyntaxWarning: invalid escape sequence '\*'
  r"""Sends a HEAD request.
requests/api.py:114: SyntaxWarning: invalid escape sequence '\*'
  return request("head", url, **kwargs)
requests/models.py:756: SyntaxWarning: invalid escape sequence '\*'
  "encoding",
requests/packages/urllib3/connectionpool.py:80: SyntaxWarning: invalid escape sequence '\*'
requests/packages/urllib3/connectionpool.py:403: SyntaxWarning: invalid escape sequence '\*'
requests/packages/urllib3/connectionpool.py:734: SyntaxWarning: invalid escape sequence '\*'
requests/packages/urllib3/poolmanager.py:32: SyntaxWarning: invalid escape sequence '\*'
requests/sessions.py:453: SyntaxWarning: invalid escape sequence '\*'
  #: (e.g. {'http': 'foo.bar:3128', 'http://host.name': 'foo.bar:4012'}) to
requests/sessions.py:463: SyntaxWarning: invalid escape sequence '\*'
  self.params = {}
requests/sessions.py:473: SyntaxWarning: invalid escape sequence '\*'
  #: expired certificates, which will make your application vulnerable to
requests/sessions.py:483: SyntaxWarning: invalid escape sequence '\*'
  
requests/sessions.py:493: SyntaxWarning: invalid escape sequence '\*'
  
requests/sessions.py:503: SyntaxWarning: invalid escape sequence '\*'
  self.mount("http://", HTTPAdapter())
requests/sessions.py:513: SyntaxWarning: invalid escape sequence '\*'
  transmission and returns it. The :class:`PreparedRequest` has settings
<unknown>:48: SyntaxWarning: invalid escape sequence '\*'
<unknown>:59: SyntaxWarning: invalid escape sequence '\*'
<unknown>:70: SyntaxWarning: invalid escape sequence '\*'
<unknown>:81: SyntaxWarning: invalid escape sequence '\*'
<unknown>:92: SyntaxWarning: invalid escape sequence '\*'
<unknown>:103: SyntaxWarning: invalid escape sequence '\*'
<unknown>:114: SyntaxWarning: invalid escape sequence '\*'
<unknown>:756: SyntaxWarning: invalid escape sequence '\*'
<unknown>:80: SyntaxWarning: invalid escape sequence '\*'
<unknown>:403: SyntaxWarning: invalid escape sequence '\*'
<unknown>:734: SyntaxWarning: invalid escape sequence '\*'
<unknown>:32: SyntaxWarning: invalid escape sequence '\*'
<unknown>:453: SyntaxWarning: invalid escape sequence '\*'
<unknown>:463: SyntaxWarning: invalid escape sequence '\*'
<unknown>:473: SyntaxWarning: invalid escape sequence '\*'
<unknown>:483: SyntaxWarning: invalid escape sequence '\*'
<unknown>:493: SyntaxWarning: invalid escape sequence '\*'
<unknown>:503: SyntaxWarning: invalid escape sequence '\*'
<unknown>:513: SyntaxWarning: invalid escape sequence '\*'
✅ Build thành công 
psf__requests|python|95161ed313db11296c3bd473336340dbb19bb347
\nĐang build Graph cho: 
psf__requests|python|978a89d5a32f6e91acf0812f7f2b29c9f97d6a0c
Path: data/swebench_checkouts/psf__requests/psf__requests-2821
requests/api.py:59: SyntaxWarning: invalid escape sequence '\*'
  Usage::
requests/api.py:73: SyntaxWarning: invalid escape sequence '\*'
  
requests/api.py:86: SyntaxWarning: invalid escape sequence '\*'
  
requests/api.py:99: SyntaxWarning: invalid escape sequence '\*'
  return request("options", url, **kwargs)
requests/api.py:113: SyntaxWarning: invalid escape sequence '\*'
  kwargs.setdefault("allow_redirects", False)
requests/api.py:126: SyntaxWarning: invalid escape sequence '\*'
  :param data: (optional) Dictionary, list of tuples, bytes, or file-like
requests/api.py:139: SyntaxWarning: invalid escape sequence '\*'
  ) -> Response:
requests/models.py:783: SyntaxWarning: invalid escape sequence '\*'
  
requests/packages/urllib3/connectionpool.py:99: SyntaxWarning: invalid escape sequence '\*'
requests/packages/urllib3/connectionpool.py:439: SyntaxWarning: invalid escape sequence '\*'
requests/packages/urllib3/connectionpool.py:793: SyntaxWarning: invalid escape sequence '\*'
requests/packages/urllib3/poolmanager.py:32: SyntaxWarning: invalid escape sequence '\*'
requests/sessions.py:476: SyntaxWarning: invalid escape sequence '\*'
  #: If verify is set to a string, it must be the path to a CA bundle file
requests/sessions.py:486: SyntaxWarning: invalid escape sequence '\*'
  #: This defaults to requests.models.DEFAULT_REDIRECT_LIMIT, which is
requests/sessions.py:496: SyntaxWarning: invalid escape sequence '\*'
  #: :class:`RequestsCookieJar <requests.cookies.RequestsCookieJar>`, but
requests/sessions.py:506: SyntaxWarning: invalid escape sequence '\*'
  return self
requests/sessions.py:517: SyntaxWarning: invalid escape sequence '\*'
  :param request: :class:`Request` instance to prepare with this
requests/sessions.py:527: SyntaxWarning: invalid escape sequence '\*'
  if not isinstance(cookies, cookielib.CookieJar):
requests/sessions.py:537: SyntaxWarning: invalid escape sequence '\*'
  if self.trust_env and not auth and not self.auth:
<unknown>:59: SyntaxWarning: invalid escape sequence '\*'
<unknown>:73: SyntaxWarning: invalid escape sequence '\*'
<unknown>:86: SyntaxWarning: invalid escape sequence '\*'
<unknown>:99: SyntaxWarning: invalid escape sequence '\*'
<unknown>:113: SyntaxWarning: invalid escape sequence '\*'
<unknown>:126: SyntaxWarning: invalid escape sequence '\*'
<unknown>:139: SyntaxWarning: invalid escape sequence '\*'
<unknown>:783: SyntaxWarning: invalid escape sequence '\*'
<unknown>:99: SyntaxWarning: invalid escape sequence '\*'
<unknown>:439: SyntaxWarning: invalid escape sequence '\*'
<unknown>:793: SyntaxWarning: invalid escape sequence '\*'
<unknown>:32: SyntaxWarning: invalid escape sequence '\*'
<unknown>:476: SyntaxWarning: invalid escape sequence '\*'
<unknown>:486: SyntaxWarning: invalid escape sequence '\*'
<unknown>:496: SyntaxWarning: invalid escape sequence '\*'
<unknown>:506: SyntaxWarning: invalid escape sequence '\*'
<unknown>:517: SyntaxWarning: invalid escape sequence '\*'
<unknown>:527: SyntaxWarning: invalid escape sequence '\*'
<unknown>:537: SyntaxWarning: invalid escape sequence '\*'
✅ Build thành công 
psf__requests|python|978a89d5a32f6e91acf0812f7f2b29c9f97d6a0c
\nĐang build Graph cho: 
psf__requests|python|5f7a3a74aab1625c2bb65f643197ee885e3da576
Path: data/swebench_checkouts/psf__requests/psf__requests-2931
requests/api.py:57: SyntaxWarning: invalid escape sequence '\*'
  :rtype: requests.Response
requests/api.py:71: SyntaxWarning: invalid escape sequence '\*'
  return session.request(method=method, url=url, **kwargs)
requests/api.py:84: SyntaxWarning: invalid escape sequence '\*'
  :rtype: requests.Response
requests/api.py:97: SyntaxWarning: invalid escape sequence '\*'
  """
requests/api.py:111: SyntaxWarning: invalid escape sequence '\*'
  """
requests/api.py:124: SyntaxWarning: invalid escape sequence '\*'
  
requests/api.py:137: SyntaxWarning: invalid escape sequence '\*'
  def put(
requests/models.py:783: SyntaxWarning: invalid escape sequence '\*'
  
requests/packages/urllib3/connectionpool.py:99: SyntaxWarning: invalid escape sequence '\*'
requests/packages/urllib3/connectionpool.py:439: SyntaxWarning: invalid escape sequence '\*'
requests/packages/urllib3/connectionpool.py:795: SyntaxWarning: invalid escape sequence '\*'
requests/packages/urllib3/poolmanager.py:33: SyntaxWarning: invalid escape sequence '\*'
requests/sessions.py:473: SyntaxWarning: invalid escape sequence '\*'
  #: expired certificates, which will make your application vulnerable to
requests/sessions.py:483: SyntaxWarning: invalid escape sequence '\*'
  
requests/sessions.py:493: SyntaxWarning: invalid escape sequence '\*'
  
requests/sessions.py:503: SyntaxWarning: invalid escape sequence '\*'
  self.mount("http://", HTTPAdapter())
requests/sessions.py:514: SyntaxWarning: invalid escape sequence '\*'
  merged from the :class:`Request <Request>` instance and those of the
requests/sessions.py:524: SyntaxWarning: invalid escape sequence '\*'
  cookies = request.cookies or {}
requests/sessions.py:534: SyntaxWarning: invalid escape sequence '\*'
  
<unknown>:57: SyntaxWarning: invalid escape sequence '\*'
<unknown>:71: SyntaxWarning: invalid escape sequence '\*'
<unknown>:84: SyntaxWarning: invalid escape sequence '\*'
<unknown>:97: SyntaxWarning: invalid escape sequence '\*'
<unknown>:111: SyntaxWarning: invalid escape sequence '\*'
<unknown>:124: SyntaxWarning: invalid escape sequence '\*'
<unknown>:137: SyntaxWarning: invalid escape sequence '\*'
<unknown>:783: SyntaxWarning: invalid escape sequence '\*'
<unknown>:99: SyntaxWarning: invalid escape sequence '\*'
<unknown>:439: SyntaxWarning: invalid escape sequence '\*'
<unknown>:795: SyntaxWarning: invalid escape sequence '\*'
<unknown>:33: SyntaxWarning: invalid escape sequence '\*'
<unknown>:473: SyntaxWarning: invalid escape sequence '\*'
<unknown>:483: SyntaxWarning: invalid escape sequence '\*'
<unknown>:493: SyntaxWarning: invalid escape sequence '\*'
<unknown>:503: SyntaxWarning: invalid escape sequence '\*'
<unknown>:514: SyntaxWarning: invalid escape sequence '\*'
<unknown>:524: SyntaxWarning: invalid escape sequence '\*'
<unknown>:534: SyntaxWarning: invalid escape sequence '\*'
✅ Build thành công 
psf__requests|python|5f7a3a74aab1625c2bb65f643197ee885e3da576
\nĐang build Graph cho: 
psf__requests|python|9968a10fcfad7268b552808c4f8946eecafc956a
Path: data/swebench_checkouts/psf__requests/psf__requests-1635
requests/api.py:48: SyntaxWarning: invalid escape sequence '\*'
  :param allow_redirects: (optional) Boolean. Enable/disable GET/OPTIONS/POST/PUT/PATCH/DELETE/HEAD redirection. Defaults to ``True``.
requests/api.py:59: SyntaxWarning: invalid escape sequence '\*'
  Usage::
requests/api.py:70: SyntaxWarning: invalid escape sequence '\*'
  with sessions.Session() as session:
requests/api.py:81: SyntaxWarning: invalid escape sequence '\*'
  in the query string for the :class:`Request`.
requests/api.py:92: SyntaxWarning: invalid escape sequence '\*'
  
requests/api.py:103: SyntaxWarning: invalid escape sequence '\*'
  r"""Sends a HEAD request.
requests/api.py:114: SyntaxWarning: invalid escape sequence '\*'
  return request("head", url, **kwargs)
requests/models.py:677: SyntaxWarning: invalid escape sequence '\*'
  url_auth = get_auth_from_url(cast(str, self.url))
requests/packages/urllib3/connectionpool.py:453: SyntaxWarning: invalid escape sequence '\*'
requests/packages/urllib3/connectionpool.py:722: SyntaxWarning: invalid escape sequence '\*'
requests/packages/urllib3/poolmanager.py:36: SyntaxWarning: invalid escape sequence '\*'
requests/sessions.py:362: SyntaxWarning: invalid escape sequence '\*'
  
requests/sessions.py:372: SyntaxWarning: invalid escape sequence '\*'
  ) -> None:
requests/sessions.py:382: SyntaxWarning: invalid escape sequence '\*'
  # Do what the browsers do, despite standards...
requests/sessions.py:392: SyntaxWarning: invalid escape sequence '\*'
  prepared_request.method = method
requests/sessions.py:402: SyntaxWarning: invalid escape sequence '\*'
  >>> import requests
requests/sessions.py:412: SyntaxWarning: invalid escape sequence '\*'
  """
requests/sessions.py:422: SyntaxWarning: invalid escape sequence '\*'
  max_redirects: int
<unknown>:48: SyntaxWarning: invalid escape sequence '\*'
<unknown>:59: SyntaxWarning: invalid escape sequence '\*'
<unknown>:70: SyntaxWarning: invalid escape sequence '\*'
<unknown>:81: SyntaxWarning: invalid escape sequence '\*'
<unknown>:92: SyntaxWarning: invalid escape sequence '\*'
<unknown>:103: SyntaxWarning: invalid escape sequence '\*'
<unknown>:114: SyntaxWarning: invalid escape sequence '\*'
<unknown>:677: SyntaxWarning: invalid escape sequence '\*'
<unknown>:453: SyntaxWarning: invalid escape sequence '\*'
<unknown>:722: SyntaxWarning: invalid escape sequence '\*'
<unknown>:36: SyntaxWarning: invalid escape sequence '\*'
<unknown>:362: SyntaxWarning: invalid escape sequence '\*'
<unknown>:372: SyntaxWarning: invalid escape sequence '\*'
<unknown>:382: SyntaxWarning: invalid escape sequence '\*'
<unknown>:392: SyntaxWarning: invalid escape sequence '\*'
<unknown>:402: SyntaxWarning: invalid escape sequence '\*'
<unknown>:412: SyntaxWarning: invalid escape sequence '\*'
<unknown>:422: SyntaxWarning: invalid escape sequence '\*'
✅ Build thành công 
psf__requests|python|9968a10fcfad7268b552808c4f8946eecafc956a
\nĐang build Graph cho: 
psf__requests|python|a0df2cbb10419037d11d04352b3175405ab52941
Path: data/swebench_checkouts/psf__requests/psf__requests-863
requests/api.py:58: SyntaxWarning: invalid escape sequence '\*'
  
requests/api.py:69: SyntaxWarning: invalid escape sequence '\*'
  # cases, and look like a memory leak in others.
requests/api.py:80: SyntaxWarning: invalid escape sequence '\*'
  :param params: (optional) Dictionary, list of tuples or bytes to send
requests/api.py:91: SyntaxWarning: invalid escape sequence '\*'
  r"""Sends an OPTIONS request.
requests/api.py:102: SyntaxWarning: invalid escape sequence '\*'
  def head(url: _t.UriType, **kwargs: Unpack[_t.RequestKwargs]) -> Response:
requests/api.py:113: SyntaxWarning: invalid escape sequence '\*'
  kwargs.setdefault("allow_redirects", False)
requests/api.py:124: SyntaxWarning: invalid escape sequence '\*'
  
requests/auth.py:268: SyntaxWarning: invalid escape sequence '\s'
  def handle_redirect(self, r: Response, **kwargs: Any) -> None:
requests/packages/urllib3/connectionpool.py:330: SyntaxWarning: invalid escape sequence '\*'
requests/packages/urllib3/connectionpool.py:547: SyntaxWarning: invalid escape sequence '\*'
requests/packages/urllib3/poolmanager.py:28: SyntaxWarning: invalid escape sequence '\*'
requests/sessions.py:247: SyntaxWarning: invalid escape sequence '\*'
  self.rebuild_method(prepared_request, resp)
requests/sessions.py:257: SyntaxWarning: invalid escape sequence '\*'
  prepared_request.headers.pop(header, None)
requests/sessions.py:267: SyntaxWarning: invalid escape sequence '\*'
  extract_cookies_to_jar(cookie_jar, req, resp.raw)
requests/sessions.py:277: SyntaxWarning: invalid escape sequence '\*'
  # UnrewindableBodyError, instead of hanging the connection.
requests/sessions.py:287: SyntaxWarning: invalid escape sequence '\*'
  req = prepared_request
requests/sessions.py:297: SyntaxWarning: invalid escape sequence '\*'
  cert=cert,
requests/sessions.py:307: SyntaxWarning: invalid escape sequence '\*'
  yield resp
<unknown>:58: SyntaxWarning: invalid escape sequence '\*'
<unknown>:69: SyntaxWarning: invalid escape sequence '\*'
<unknown>:80: SyntaxWarning: invalid escape sequence '\*'
<unknown>:91: SyntaxWarning: invalid escape sequence '\*'
<unknown>:102: SyntaxWarning: invalid escape sequence '\*'
<unknown>:113: SyntaxWarning: invalid escape sequence '\*'
<unknown>:124: SyntaxWarning: invalid escape sequence '\*'
<unknown>:268: SyntaxWarning: invalid escape sequence '\s'
<unknown>:330: SyntaxWarning: invalid escape sequence '\*'
<unknown>:547: SyntaxWarning: invalid escape sequence '\*'
<unknown>:28: SyntaxWarning: invalid escape sequence '\*'
<unknown>:247: SyntaxWarning: invalid escape sequence '\*'
<unknown>:257: SyntaxWarning: invalid escape sequence '\*'
<unknown>:267: SyntaxWarning: invalid escape sequence '\*'
<unknown>:277: SyntaxWarning: invalid escape sequence '\*'
<unknown>:287: SyntaxWarning: invalid escape sequence '\*'
<unknown>:297: SyntaxWarning: invalid escape sequence '\*'
<unknown>:307: SyntaxWarning: invalid escape sequence '\*'
✅ Build thành công 
psf__requests|python|a0df2cbb10419037d11d04352b3175405ab52941
\nĐang build Graph cho: 
psf__requests|python|dd754d13de250a6af8a68a6a83a8b4419fd429c6
Path: data/swebench_checkouts/psf__requests/psf__requests-4718
✅ Build thành công 
psf__requests|python|dd754d13de250a6af8a68a6a83a8b4419fd429c6
\nĐang build Graph cho: 
psf__requests|python|5893cfcd90249a16d70bb829c23a78b690033c74
Path: data/swebench_checkouts/psf__requests/psf__requests-1944
requests/api.py:48: SyntaxWarning: invalid escape sequence '\*'
  :param allow_redirects: (optional) Boolean. Enable/disable GET/OPTIONS/POST/PUT/PATCH/DELETE/HEAD redirection. Defaults to ``True``.
requests/api.py:59: SyntaxWarning: invalid escape sequence '\*'
  Usage::
requests/api.py:70: SyntaxWarning: invalid escape sequence '\*'
  with sessions.Session() as session:
requests/api.py:81: SyntaxWarning: invalid escape sequence '\*'
  in the query string for the :class:`Request`.
requests/api.py:92: SyntaxWarning: invalid escape sequence '\*'
  
requests/api.py:103: SyntaxWarning: invalid escape sequence '\*'
  r"""Sends a HEAD request.
requests/api.py:114: SyntaxWarning: invalid escape sequence '\*'
  return request("head", url, **kwargs)
requests/models.py:743: SyntaxWarning: invalid escape sequence '\*'
  history: list[Response]
requests/packages/urllib3/connectionpool.py:391: SyntaxWarning: invalid escape sequence '\*'
requests/packages/urllib3/connectionpool.py:687: SyntaxWarning: invalid escape sequence '\*'
requests/packages/urllib3/poolmanager.py:36: SyntaxWarning: invalid escape sequence '\*'
requests/sessions.py:457: SyntaxWarning: invalid escape sequence '\*'
  #: Event-handling hooks.
requests/sessions.py:467: SyntaxWarning: invalid escape sequence '\*'
  
requests/sessions.py:477: SyntaxWarning: invalid escape sequence '\*'
  #: that will be used to verify the TLS certificate.
requests/sessions.py:487: SyntaxWarning: invalid escape sequence '\*'
  #: 30.
requests/sessions.py:497: SyntaxWarning: invalid escape sequence '\*'
  #: may be any other ``cookielib.CookieJar`` compatible object.
requests/sessions.py:507: SyntaxWarning: invalid escape sequence '\*'
  
requests/sessions.py:517: SyntaxWarning: invalid escape sequence '\*'
  :param request: :class:`Request` instance to prepare with this
<unknown>:48: SyntaxWarning: invalid escape sequence '\*'
<unknown>:59: SyntaxWarning: invalid escape sequence '\*'
<unknown>:70: SyntaxWarning: invalid escape sequence '\*'
<unknown>:81: SyntaxWarning: invalid escape sequence '\*'
<unknown>:92: SyntaxWarning: invalid escape sequence '\*'
<unknown>:103: SyntaxWarning: invalid escape sequence '\*'
<unknown>:114: SyntaxWarning: invalid escape sequence '\*'
<unknown>:743: SyntaxWarning: invalid escape sequence '\*'
<unknown>:391: SyntaxWarning: invalid escape sequence '\*'
<unknown>:687: SyntaxWarning: invalid escape sequence '\*'
<unknown>:36: SyntaxWarning: invalid escape sequence '\*'
<unknown>:457: SyntaxWarning: invalid escape sequence '\*'
<unknown>:467: SyntaxWarning: invalid escape sequence '\*'
<unknown>:477: SyntaxWarning: invalid escape sequence '\*'
<unknown>:487: SyntaxWarning: invalid escape sequence '\*'
<unknown>:497: SyntaxWarning: invalid escape sequence '\*'
<unknown>:507: SyntaxWarning: invalid escape sequence '\*'
<unknown>:517: SyntaxWarning: invalid escape sequence '\*'
✅ Build thành công 
psf__requests|python|5893cfcd90249a16d70bb829c23a78b690033c74
\nĐang build Graph cho: 
psf__requests|python|4e89ba707714e3b58a46c2ed9e220cff8b7f1e6a
Path: data/swebench_checkouts/psf__requests/psf__requests-2873
requests/api.py:57: SyntaxWarning: invalid escape sequence '\*'
  :rtype: requests.Response
requests/api.py:71: SyntaxWarning: invalid escape sequence '\*'
  return session.request(method=method, url=url, **kwargs)
requests/api.py:84: SyntaxWarning: invalid escape sequence '\*'
  :rtype: requests.Response
requests/api.py:97: SyntaxWarning: invalid escape sequence '\*'
  """
requests/api.py:111: SyntaxWarning: invalid escape sequence '\*'
  """
requests/api.py:124: SyntaxWarning: invalid escape sequence '\*'
  
requests/api.py:137: SyntaxWarning: invalid escape sequence '\*'
  def put(
requests/models.py:783: SyntaxWarning: invalid escape sequence '\*'
  
requests/packages/urllib3/connectionpool.py:99: SyntaxWarning: invalid escape sequence '\*'
requests/packages/urllib3/connectionpool.py:439: SyntaxWarning: invalid escape sequence '\*'
requests/packages/urllib3/connectionpool.py:793: SyntaxWarning: invalid escape sequence '\*'
requests/packages/urllib3/poolmanager.py:32: SyntaxWarning: invalid escape sequence '\*'
requests/sessions.py:473: SyntaxWarning: invalid escape sequence '\*'
  #: expired certificates, which will make your application vulnerable to
requests/sessions.py:483: SyntaxWarning: invalid escape sequence '\*'
  
requests/sessions.py:493: SyntaxWarning: invalid escape sequence '\*'
  
requests/sessions.py:503: SyntaxWarning: invalid escape sequence '\*'
  self.mount("http://", HTTPAdapter())
requests/sessions.py:514: SyntaxWarning: invalid escape sequence '\*'
  merged from the :class:`Request <Request>` instance and those of the
requests/sessions.py:524: SyntaxWarning: invalid escape sequence '\*'
  cookies = request.cookies or {}
requests/sessions.py:534: SyntaxWarning: invalid escape sequence '\*'
  
<unknown>:57: SyntaxWarning: invalid escape sequence '\*'
<unknown>:71: SyntaxWarning: invalid escape sequence '\*'
<unknown>:84: SyntaxWarning: invalid escape sequence '\*'
<unknown>:97: SyntaxWarning: invalid escape sequence '\*'
<unknown>:111: SyntaxWarning: invalid escape sequence '\*'
<unknown>:124: SyntaxWarning: invalid escape sequence '\*'
<unknown>:137: SyntaxWarning: invalid escape sequence '\*'
<unknown>:783: SyntaxWarning: invalid escape sequence '\*'
<unknown>:99: SyntaxWarning: invalid escape sequence '\*'
<unknown>:439: SyntaxWarning: invalid escape sequence '\*'
<unknown>:793: SyntaxWarning: invalid escape sequence '\*'
<unknown>:32: SyntaxWarning: invalid escape sequence '\*'
<unknown>:473: SyntaxWarning: invalid escape sequence '\*'
<unknown>:483: SyntaxWarning: invalid escape sequence '\*'
<unknown>:493: SyntaxWarning: invalid escape sequence '\*'
<unknown>:503: SyntaxWarning: invalid escape sequence '\*'
<unknown>:514: SyntaxWarning: invalid escape sequence '\*'
<unknown>:524: SyntaxWarning: invalid escape sequence '\*'
<unknown>:534: SyntaxWarning: invalid escape sequence '\*'
✅ Build thành công 
psf__requests|python|4e89ba707714e3b58a46c2ed9e220cff8b7f1e6a
\nĐang build Graph cho: 
psf__requests|python|0e4ae38f0c93d4f92a96c774bd52c069d12a4798
Path: data/swebench_checkouts/psf__requests/repo
✅ Build thành công 
psf__requests|python|0e4ae38f0c93d4f92a96c774bd52c069d12a4798
\nĐang build Graph cho: 
psf__requests|python|d8268fb7b44da7b8aa225eb1ca6fbdb4f9dc2457
Path: data/swebench_checkouts/psf__requests/psf__requests-1537
requests/api.py:48: SyntaxWarning: invalid escape sequence '\*'
  :param allow_redirects: (optional) Boolean. Enable/disable GET/OPTIONS/POST/PUT/PATCH/DELETE/HEAD redirection. Defaults to ``True``.
requests/api.py:59: SyntaxWarning: invalid escape sequence '\*'
  Usage::
requests/api.py:70: SyntaxWarning: invalid escape sequence '\*'
  with sessions.Session() as session:
requests/api.py:81: SyntaxWarning: invalid escape sequence '\*'
  in the query string for the :class:`Request`.
requests/api.py:92: SyntaxWarning: invalid escape sequence '\*'
  
requests/api.py:103: SyntaxWarning: invalid escape sequence '\*'
  r"""Sends a HEAD request.
requests/api.py:114: SyntaxWarning: invalid escape sequence '\*'
  return request("head", url, **kwargs)
requests/models.py:671: SyntaxWarning: invalid escape sequence '\*'
  url: _t.UriType = "",
requests/packages/urllib3/connectionpool.py:355: SyntaxWarning: invalid escape sequence '\*'
requests/packages/urllib3/connectionpool.py:619: SyntaxWarning: invalid escape sequence '\*'
requests/packages/urllib3/poolmanager.py:36: SyntaxWarning: invalid escape sequence '\*'
requests/sessions.py:362: SyntaxWarning: invalid escape sequence '\*'
  
requests/sessions.py:372: SyntaxWarning: invalid escape sequence '\*'
  ) -> None:
requests/sessions.py:382: SyntaxWarning: invalid escape sequence '\*'
  # Do what the browsers do, despite standards...
requests/sessions.py:392: SyntaxWarning: invalid escape sequence '\*'
  prepared_request.method = method
requests/sessions.py:402: SyntaxWarning: invalid escape sequence '\*'
  >>> import requests
requests/sessions.py:412: SyntaxWarning: invalid escape sequence '\*'
  """
requests/sessions.py:422: SyntaxWarning: invalid escape sequence '\*'
  max_redirects: int
<unknown>:48: SyntaxWarning: invalid escape sequence '\*'
<unknown>:59: SyntaxWarning: invalid escape sequence '\*'
<unknown>:70: SyntaxWarning: invalid escape sequence '\*'
<unknown>:81: SyntaxWarning: invalid escape sequence '\*'
<unknown>:92: SyntaxWarning: invalid escape sequence '\*'
<unknown>:103: SyntaxWarning: invalid escape sequence '\*'
<unknown>:114: SyntaxWarning: invalid escape sequence '\*'
<unknown>:671: SyntaxWarning: invalid escape sequence '\*'
<unknown>:355: SyntaxWarning: invalid escape sequence '\*'
<unknown>:619: SyntaxWarning: invalid escape sequence '\*'
<unknown>:36: SyntaxWarning: invalid escape sequence '\*'
<unknown>:362: SyntaxWarning: invalid escape sequence '\*'
<unknown>:372: SyntaxWarning: invalid escape sequence '\*'
<unknown>:382: SyntaxWarning: invalid escape sequence '\*'
<unknown>:392: SyntaxWarning: invalid escape sequence '\*'
<unknown>:402: SyntaxWarning: invalid escape sequence '\*'
<unknown>:412: SyntaxWarning: invalid escape sequence '\*'
<unknown>:422: SyntaxWarning: invalid escape sequence '\*'
✅ Build thành công 
psf__requests|python|d8268fb7b44da7b8aa225eb1ca6fbdb4f9dc2457
\nĐang build Graph cho: 
psf__requests|python|0acbf2b91d9a196a58535e926531f810d44c4d3f
Path: data/swebench_checkouts/psf__requests/psf__requests-2754
requests/api.py:61: SyntaxWarning: invalid escape sequence '\*'
  >>> import requests
requests/api.py:75: SyntaxWarning: invalid escape sequence '\*'
  url: _t.UriType, params: _t.ParamsType = None, **kwargs: Unpack[_t.GetKwargs]
requests/api.py:88: SyntaxWarning: invalid escape sequence '\*'
  
requests/api.py:101: SyntaxWarning: invalid escape sequence '\*'
  
requests/api.py:115: SyntaxWarning: invalid escape sequence '\*'
  
requests/api.py:128: SyntaxWarning: invalid escape sequence '\*'
  :param json: (optional) A JSON serializable Python object to send in the body of the :class:`Request`.
requests/api.py:141: SyntaxWarning: invalid escape sequence '\*'
  
requests/models.py:791: SyntaxWarning: invalid escape sequence '\*'
  
requests/packages/urllib3/connectionpool.py:99: SyntaxWarning: invalid escape sequence '\*'
requests/packages/urllib3/connectionpool.py:439: SyntaxWarning: invalid escape sequence '\*'
requests/packages/urllib3/connectionpool.py:795: SyntaxWarning: invalid escape sequence '\*'
requests/packages/urllib3/poolmanager.py:33: SyntaxWarning: invalid escape sequence '\*'
requests/sessions.py:475: SyntaxWarning: invalid escape sequence '\*'
  #: Only set this to `False` for testing.
requests/sessions.py:485: SyntaxWarning: invalid escape sequence '\*'
  #: limit, a :class:`TooManyRedirects` exception is raised.
requests/sessions.py:495: SyntaxWarning: invalid escape sequence '\*'
  #: session. By default it is a
requests/sessions.py:505: SyntaxWarning: invalid escape sequence '\*'
  def __enter__(self) -> Self:
requests/sessions.py:516: SyntaxWarning: invalid escape sequence '\*'
  
requests/sessions.py:526: SyntaxWarning: invalid escape sequence '\*'
  # Bootstrap CookieJar.
requests/sessions.py:536: SyntaxWarning: invalid escape sequence '\*'
  auth = request.auth
<unknown>:61: SyntaxWarning: invalid escape sequence '\*'
<unknown>:75: SyntaxWarning: invalid escape sequence '\*'
<unknown>:88: SyntaxWarning: invalid escape sequence '\*'
<unknown>:101: SyntaxWarning: invalid escape sequence '\*'
<unknown>:115: SyntaxWarning: invalid escape sequence '\*'
<unknown>:128: SyntaxWarning: invalid escape sequence '\*'
<unknown>:141: SyntaxWarning: invalid escape sequence '\*'
<unknown>:791: SyntaxWarning: invalid escape sequence '\*'
<unknown>:99: SyntaxWarning: invalid escape sequence '\*'
<unknown>:439: SyntaxWarning: invalid escape sequence '\*'
<unknown>:795: SyntaxWarning: invalid escape sequence '\*'
<unknown>:33: SyntaxWarning: invalid escape sequence '\*'
<unknown>:475: SyntaxWarning: invalid escape sequence '\*'
<unknown>:485: SyntaxWarning: invalid escape sequence '\*'
<unknown>:495: SyntaxWarning: invalid escape sequence '\*'
<unknown>:505: SyntaxWarning: invalid escape sequence '\*'
<unknown>:516: SyntaxWarning: invalid escape sequence '\*'
<unknown>:526: SyntaxWarning: invalid escape sequence '\*'
<unknown>:536: SyntaxWarning: invalid escape sequence '\*'
✅ Build thành công 
psf__requests|python|0acbf2b91d9a196a58535e926531f810d44c4d3f
\nĐang build Graph cho: 
mwaskom__seaborn|python|bcdac5411a1b71ff8d4a2fd12a937c129513e79e
Path: data/swebench_checkouts/mwaskom__seaborn/mwaskom__seaborn-2389
✅ Build thành công 
mwaskom__seaborn|python|bcdac5411a1b71ff8d4a2fd12a937c129513e79e
\nĐang build Graph cho: 
mwaskom__seaborn|python|32088bbc3adc611b7118e57fce6d4ed096a76a29
Path: data/swebench_checkouts/mwaskom__seaborn/repo
✅ Build thành công 
mwaskom__seaborn|python|32088bbc3adc611b7118e57fce6d4ed096a76a29
\nĐang build Graph cho: 
django__django|python|d232fd76a85870daf345fd8f8d617fe7802ae194
Path: data/swebench_checkouts/django__django/django__django-11910
✅ Build thành công 
django__django|python|d232fd76a85870daf345fd8f8d617fe7802ae194
\nĐang build Graph cho: 
django__django|python|19fc6376ce67d01ca37a91ef2f55ef769f50513a
Path: data/swebench_checkouts/django__django/django__django-11179
✅ Build thành công 
django__django|python|19fc6376ce67d01ca37a91ef2f55ef769f50513a
\nĐang build Graph cho: 
django__django|python|c5e373d48cbdd923575956fed477b63d66d9603f
Path: data/swebench_checkouts/django__django/django__django-12284
✅ Build thành công 
django__django|python|c5e373d48cbdd923575956fed477b63d66d9603f
\nĐang build Graph cho: 
django__django|python|bceadd2788dc2dad53eba0caae172bd8522fd483
Path: data/swebench_checkouts/django__django/django__django-10924
✅ Build thành công 
django__django|python|bceadd2788dc2dad53eba0caae172bd8522fd483
\nĐang build Graph cho: 
django__django|python|7af8f4127397279d19ef7c7899e93018274e2f9b
Path: data/swebench_checkouts/django__django/django__django-13158
✅ Build thành công 
django__django|python|7af8f4127397279d19ef7c7899e93018274e2f9b
\nĐang build Graph cho: 
django__django|python|4652f1f0aa459a7b980441d629648707c32e36bf
Path: data/swebench_checkouts/django__django/django__django-12915
✅ Build thành công 
django__django|python|4652f1f0aa459a7b980441d629648707c32e36bf
\nĐang build Graph cho: 
django__django|python|580e644f24f1c5ae5b94784fb73a9953a178fd26
Path: data/swebench_checkouts/django__django/django__django-11564
✅ Build thành công 
django__django|python|580e644f24f1c5ae5b94784fb73a9953a178fd26
\nĐang build Graph cho: 
django__django|python|879cc3da6249e920b8d54518a0ae06de835d7373
Path: data/swebench_checkouts/django__django/django__django-11133
✅ Build thành công 
django__django|python|879cc3da6249e920b8d54518a0ae06de835d7373
\nĐang build Graph cho: 
django__django|python|49ae7ce50a874f8a04cd910882fb9571ff3a0d7a
Path: data/swebench_checkouts/django__django/django__django-12908
✅ Build thành công 
django__django|python|49ae7ce50a874f8a04cd910882fb9571ff3a0d7a
\nĐang build Graph cho: 
django__django|python|514efa3129792ec2abb2444f3e7aeb3f21a38386
Path: data/swebench_checkouts/django__django/django__django-11620
✅ Build thành công 
django__django|python|514efa3129792ec2abb2444f3e7aeb3f21a38386
\nĐang build Graph cho: 
django__django|python|2e0f04507b17362239ba49830d26fec504d46978
Path: data/swebench_checkouts/django__django/django__django-12308
✅ Build thành công 
django__django|python|2e0f04507b17362239ba49830d26fec504d46978
\nĐang build Graph cho: 
django__django|python|3346b78a8a872286a245d1e77ef4718fc5e6be1a
Path: data/swebench_checkouts/django__django/django__django-11797
✅ Build thành công 
django__django|python|3346b78a8a872286a245d1e77ef4718fc5e6be1a
\nĐang build Graph cho: 
django__django|python|2f72480fbd27896c986c45193e1603e35c0b19a7
Path: data/swebench_checkouts/django__django/django__django-11905
✅ Build thành công 
django__django|python|2f72480fbd27896c986c45193e1603e35c0b19a7
\nĐang build Graph cho: 
django__django|python|142ab6846ac09d6d401e26fc8b6b988a583ac0f5
Path: data/swebench_checkouts/django__django/django__django-12470
✅ Build thành công 
django__django|python|142ab6846ac09d6d401e26fc8b6b988a583ac0f5
\nĐang build Graph cho: 
django__django|python|17455e924e243e7a55e8a38f45966d8cbb27c273
Path: data/swebench_checkouts/django__django/django__django-11049
✅ Build thành công 
django__django|python|17455e924e243e7a55e8a38f45966d8cbb27c273
\nĐang build Graph cho: 
django__django|python|fee75d2aed4e58ada6567c464cfd22e89dc65f4a
Path: data/swebench_checkouts/django__django/django__django-11742
✅ Build thành công 
django__django|python|fee75d2aed4e58ada6567c464cfd22e89dc65f4a
\nĐang build Graph cho: 
django__django|python|e02f67ef2d03d48128e7a118bf75f0418e24e8ac
Path: data/swebench_checkouts/django__django/django__django-11815
✅ Build thành công 
django__django|python|e02f67ef2d03d48128e7a118bf75f0418e24e8ac
\nĐang build Graph cho: 
django__django|python|16218c20606d8cd89c5393970c83da04598a3e04
Path: data/swebench_checkouts/django__django/django__django-13220
✅ Build thành công 
django__django|python|16218c20606d8cd89c5393970c83da04598a3e04
\nĐang build Graph cho: 
django__django|python|ef082ebb84f00e38af4e8880d04e8365c2766d34
Path: data/swebench_checkouts/django__django/django__django-11001
✅ Build thành công 
django__django|python|ef082ebb84f00e38af4e8880d04e8365c2766d34
\nĐang build Graph cho: 
django__django|python|62254c5202e80a68f4fe6572a2be46a3d953de1a
Path: data/swebench_checkouts/django__django/django__django-12113
✅ Build thành công 
django__django|python|62254c5202e80a68f4fe6572a2be46a3d953de1a
\nĐang build Graph cho: 
django__django|python|93e892bb645b16ebaf287beb5fe7f3ffe8d10408
Path: data/swebench_checkouts/django__django/django__django-11019
✅ Build thành công 
django__django|python|93e892bb645b16ebaf287beb5fe7f3ffe8d10408
\nĐang build Graph cho: 
django__django|python|c86201b6ed4f8256b0a0520c08aa674f623d4127
Path: data/swebench_checkouts/django__django/django__django-12747
✅ Build thành công 
django__django|python|c86201b6ed4f8256b0a0520c08aa674f623d4127
\nĐang build Graph cho: 
django__django|python|3bc4240d979812bd11365ede04c028ea13fdc8c6
Path: data/swebench_checkouts/django__django/django__django-12983
✅ Build thành công 
django__django|python|3bc4240d979812bd11365ede04c028ea13fdc8c6
\nĐang build Graph cho: 
django__django|python|a4881f5e5d7ee38b7e83301331a0b4962845ef8a
Path: data/swebench_checkouts/django__django/django__django-12497
✅ Build thành công 
django__django|python|a4881f5e5d7ee38b7e83301331a0b4962845ef8a
\nĐang build Graph cho: 
django__django|python|b330b918e979ea39a21d47b61172d112caf432c3
Path: data/swebench_checkouts/django__django/django__django-12453
✅ Build thành công 
django__django|python|b330b918e979ea39a21d47b61172d112caf432c3
\nĐang build Graph cho: 
django__django|python|447980e72ac01da1594dd3373a03ba40b7ee6f80
Path: data/swebench_checkouts/django__django/django__django-12708
✅ Build thành công 
django__django|python|447980e72ac01da1594dd3373a03ba40b7ee6f80
\nĐang build Graph cho: 
django__django|python|d5276398046ce4a102776a1e67dcac2884d80dfe
Path: data/swebench_checkouts/django__django/django__django-11039
✅ Build thành công 
django__django|python|d5276398046ce4a102776a1e67dcac2884d80dfe
\nĐang build Graph cho: 
django__django|python|78ad4b4b0201003792bfdbf1a7781cbc9ee03539
Path: data/swebench_checkouts/django__django/django__django-13028
✅ Build thành công 
django__django|python|78ad4b4b0201003792bfdbf1a7781cbc9ee03539
\nĐang build Graph cho: 
django__django|python|60dc957a825232fdda9138e2f8878b2ca407a7c9
Path: data/swebench_checkouts/django__django/django__django-11583
✅ Build thành công 
django__django|python|60dc957a825232fdda9138e2f8878b2ca407a7c9
\nĐang build Graph cho: 
django__django|python|5d674eac871a306405b0fbbaeb17bbeba9c68bf3
Path: data/swebench_checkouts/django__django/django__django-12184
✅ Build thành công 
django__django|python|5d674eac871a306405b0fbbaeb17bbeba9c68bf3
\nĐang build Graph cho: 
django__django|python|f0adf3b9b7a19cdee05368ff0c0c2d087f011180
Path: data/swebench_checkouts/django__django/django__django-11848
✅ Build thành công 
django__django|python|f0adf3b9b7a19cdee05368ff0c0c2d087f011180
\nĐang build Graph cho: 
django__django|python|895f28f9cbed817c00ab68770433170d83132d90
Path: data/swebench_checkouts/django__django/django__django-12589
✅ Build thành công 
django__django|python|895f28f9cbed817c00ab68770433170d83132d90
\nĐang build Graph cho: 
django__django|python|08a4ee06510ae45562c228eefbdcaac84bd38c7a
Path: data/swebench_checkouts/django__django/django__django-11283
✅ Build thành công 
django__django|python|08a4ee06510ae45562c228eefbdcaac84bd38c7a
\nĐang build Graph cho: 
django__django|python|979f61abd322507aafced9627702362e541ec34e
Path: data/swebench_checkouts/django__django/django__django-12286
✅ Build thành công 
django__django|python|979f61abd322507aafced9627702362e541ec34e
\nĐang build Graph cho: 
django__django|python|89d41cba392b759732ba9f1db4ff29ed47da6a56
Path: data/swebench_checkouts/django__django/django__django-12125
✅ Build thành công 
django__django|python|89d41cba392b759732ba9f1db4ff29ed47da6a56
\nĐang build Graph cho: 
django__django|python|a59de6e89e8dc1f3e71c9a5a5bbceb373ea5247e
Path: data/swebench_checkouts/django__django/django__django-13033
✅ Build thành công 
django__django|python|a59de6e89e8dc1f3e71c9a5a5bbceb373ea5247e
\nĐang build Graph cho: 
django__django|python|84633905273fc916e3d17883810d9969c03f73c2
Path: data/swebench_checkouts/django__django/django__django-11999
✅ Build thành công 
django__django|python|84633905273fc916e3d17883810d9969c03f73c2
\nĐang build Graph cho: 
django__django|python|fc2b1cc926e34041953738e58fa6ad3053059b22
Path: data/swebench_checkouts/django__django/django__django-11964
✅ Build thành công 
django__django|python|fc2b1cc926e34041953738e58fa6ad3053059b22
\nĐang build Graph cho: 
django__django|python|df46b329e0900e9e4dc1d60816c1dce6dfc1094e
Path: data/swebench_checkouts/django__django/django__django-11422
✅ Build thành công 
django__django|python|df46b329e0900e9e4dc1d60816c1dce6dfc1094e
\nĐang build Graph cho: 
django__django|python|d26b2424437dabeeca94d7900b37d2df4410da0c
Path: data/swebench_checkouts/django__django/django__django-11099
✅ Build thành công 
django__django|python|d26b2424437dabeeca94d7900b37d2df4410da0c
\nĐang build Graph cho: 
django__django|python|02cd16a7a04529c726e5bb5a13d5979119f25c7d
Path: data/swebench_checkouts/django__django/django__django-10087
✅ Build thành công 
django__django|python|02cd16a7a04529c726e5bb5a13d5979119f25c7d
\nĐang build Graph cho: 
django__django|python|8328811f048fed0dd22573224def8c65410c9f2e
Path: data/swebench_checkouts/django__django/django__django-12856
✅ Build thành công 
django__django|python|8328811f048fed0dd22573224def8c65410c9f2e
\nĐang build Graph cho: 
django__django|python|d51c50d836c5cf8db5566da17963f871be554615
Path: data/swebench_checkouts/django__django/django__django-12700
✅ Build thành công 
django__django|python|d51c50d836c5cf8db5566da17963f871be554615
\nĐang build Graph cho: 
django__django|python|65e86948b80262574058a94ccaae3a9b59c3faea
Path: data/swebench_checkouts/django__django/django__django-11630
✅ Build thành công 
django__django|python|65e86948b80262574058a94ccaae3a9b59c3faea
\nĐang build Graph cho: 
django__django|python|e7fd69d051eaa67cb17f172a39b57253e9cb831a
Path: data/swebench_checkouts/django__django/django__django-10914
✅ Build thành công 
django__django|python|e7fd69d051eaa67cb17f172a39b57253e9cb831a
\nĐang build Graph cho: 
django__django|python|3483bfc0920b0ef0b28563aabe8ff546699b6ece
Path: data/swebench_checkouts/django__django/repo
✅ Build thành công 
django__django|python|3483bfc0920b0ef0b28563aabe8ff546699b6ece
\nĐang build Graph cho: 
astropy__astropy|python|b3b8295c4b0478558bd0e4c6ec28bf16b90880b8
Path: data/swebench_checkouts/astropy__astropy/astropy__astropy-14702
✅ Build thành công 
astropy__astropy|python|b3b8295c4b0478558bd0e4c6ec28bf16b90880b8
\nĐang build Graph cho: 
astropy__astropy|python|298ccb478e6bf092953bca67a3d29dc6c35f6752
Path: data/swebench_checkouts/astropy__astropy/astropy__astropy-13033
✅ Build thành công 
astropy__astropy|python|298ccb478e6bf092953bca67a3d29dc6c35f6752
\nĐang build Graph cho: 
astropy__astropy|python|5250b2442501e6c671c6b380536f1edb352602d1
Path: data/swebench_checkouts/astropy__astropy/astropy__astropy-13977
✅ Build thành công 
astropy__astropy|python|5250b2442501e6c671c6b380536f1edb352602d1
\nĐang build Graph cho: 
astropy__astropy|python|c76af9ed6bb89bfba45b9f5bc1e635188278e2fa
Path: data/swebench_checkouts/astropy__astropy/astropy__astropy-6938
ah_bootstrap.py:624: SyntaxWarning: invalid escape sequence '\S'
examples/coordinates/plot_sgr-coordinate-frame.py:2: SyntaxWarning: invalid escape sequence '\L'
<unknown>:624: SyntaxWarning: invalid escape sequence '\S'
<unknown>:2: SyntaxWarning: invalid escape sequence '\L'
✅ Build thành công 
astropy__astropy|python|c76af9ed6bb89bfba45b9f5bc1e635188278e2fa
\nĐang build Graph cho: 
astropy__astropy|python|b16c7d12ccbc7b2d20364b89fb44285bcbfede54
Path: data/swebench_checkouts/astropy__astropy/astropy__astropy-14995
✅ Build thành công 
astropy__astropy|python|b16c7d12ccbc7b2d20364b89fb44285bcbfede54
\nĐang build Graph cho: 
astropy__astropy|python|7f0df518e6bd5542b64bd7073052d099ea09dcb4
Path: data/swebench_checkouts/astropy__astropy/astropy__astropy-14907
✅ Build thành công 
astropy__astropy|python|7f0df518e6bd5542b64bd7073052d099ea09dcb4
\nĐang build Graph cho: 
astropy__astropy|python|52d1c242e8b41c7b8279f1cc851bb48347dc8eeb
Path: data/swebench_checkouts/astropy__astropy/astropy__astropy-8292
ah_bootstrap.py:637: SyntaxWarning: invalid escape sequence '\S'
examples/coordinates/plot_sgr-coordinate-frame.py:2: SyntaxWarning: invalid escape sequence '\L'
<unknown>:637: SyntaxWarning: invalid escape sequence '\S'
<unknown>:2: SyntaxWarning: invalid escape sequence '\L'
✅ Build thành công 
astropy__astropy|python|52d1c242e8b41c7b8279f1cc851bb48347dc8eeb
\nĐang build Graph cho: 
astropy__astropy|python|7269fa3e33e8d02485a647da91a5a2a60a06af61
Path: data/swebench_checkouts/astropy__astropy/astropy__astropy-14365
✅ Build thành công 
astropy__astropy|python|7269fa3e33e8d02485a647da91a5a2a60a06af61
\nĐang build Graph cho: 
astropy__astropy|python|b3fa7702635b260b008d391705c521fca7283761
Path: data/swebench_checkouts/astropy__astropy/astropy__astropy-13306
✅ Build thành công 
astropy__astropy|python|b3fa7702635b260b008d391705c521fca7283761
\nĐang build Graph cho: 
astropy__astropy|python|6500928dc0e57be8f06d1162eacc3ba5e2eff692
Path: data/swebench_checkouts/astropy__astropy/astropy__astropy-13398
✅ Build thành công 
astropy__astropy|python|6500928dc0e57be8f06d1162eacc3ba5e2eff692
\nĐang build Graph cho: 
astropy__astropy|python|691ceab8aea8f7c37ee89b1b806801239bb2dc69
Path: data/swebench_checkouts/astropy__astropy/astropy__astropy-12891
✅ Build thành công 
astropy__astropy|python|691ceab8aea8f7c37ee89b1b806801239bb2dc69
\nĐang build Graph cho: 
astropy__astropy|python|16743c6faf5cb8433bf9f7702ae70d002a96caaf
Path: data/swebench_checkouts/astropy__astropy/astropy__astropy-13404
✅ Build thành công 
astropy__astropy|python|16743c6faf5cb8433bf9f7702ae70d002a96caaf
\nĐang build Graph cho: 
astropy__astropy|python|3832210580d516365ddae1a62071001faf94d416
Path: data/swebench_checkouts/astropy__astropy/astropy__astropy-11693
✅ Build thành công 
astropy__astropy|python|3832210580d516365ddae1a62071001faf94d416
\nĐang build Graph cho: 
astropy__astropy|python|4fc9f31af6c5659c3a59b66a387894c12203c946
Path: data/swebench_checkouts/astropy__astropy/astropy__astropy-7973
ah_bootstrap.py:636: SyntaxWarning: invalid escape sequence '\S'
examples/coordinates/plot_sgr-coordinate-frame.py:2: SyntaxWarning: invalid escape sequence '\L'
<unknown>:636: SyntaxWarning: invalid escape sequence '\S'
<unknown>:2: SyntaxWarning: invalid escape sequence '\L'
✅ Build thành công 
astropy__astropy|python|4fc9f31af6c5659c3a59b66a387894c12203c946
\nĐang build Graph cho: 
astropy__astropy|python|11b3214f18b74aea5e3f8349e50ae1b09c39d30e
Path: data/swebench_checkouts/astropy__astropy/astropy__astropy-13234
✅ Build thành công 
astropy__astropy|python|11b3214f18b74aea5e3f8349e50ae1b09c39d30e
\nĐang build Graph cho: 
astropy__astropy|python|a3f4ae6cd24d5ecdf49f213d77b3513dd509a06c
Path: data/swebench_checkouts/astropy__astropy/astropy__astropy-14508
✅ Build thành công 
astropy__astropy|python|a3f4ae6cd24d5ecdf49f213d77b3513dd509a06c
\nĐang build Graph cho: 
astropy__astropy|python|15cc8f20a4f94ab1910bc865f40ec69d02a7c56c
Path: data/swebench_checkouts/astropy__astropy/astropy__astropy-14295
✅ Build thành công 
astropy__astropy|python|15cc8f20a4f94ab1910bc865f40ec69d02a7c56c
\nĐang build Graph cho: 
astropy__astropy|python|0df94ff7097961e92fd7812036a24b145bc13ca8
Path: data/swebench_checkouts/astropy__astropy/astropy__astropy-13579
✅ Build thành công 
astropy__astropy|python|0df94ff7097961e92fd7812036a24b145bc13ca8
\nĐang build Graph cho: 
astropy__astropy|python|b750a0e6ee76fb6b8a099a4d16ec51977be46bf6
Path: data/swebench_checkouts/astropy__astropy/astropy__astropy-8872
examples/coordinates/plot_sgr-coordinate-frame.py:2: SyntaxWarning: invalid escape sequence '\L'
<unknown>:2: SyntaxWarning: invalid escape sequence '\L'
✅ Build thành công 
astropy__astropy|python|b750a0e6ee76fb6b8a099a4d16ec51977be46bf6
\nĐang build Graph cho: 
astropy__astropy|python|732d89c2940156bdc0e200bb36dc38b5e424bcba
Path: data/swebench_checkouts/astropy__astropy/astropy__astropy-7336
ah_bootstrap.py:651: SyntaxWarning: invalid escape sequence '\S'
examples/coordinates/plot_sgr-coordinate-frame.py:2: SyntaxWarning: invalid escape sequence '\L'
<unknown>:651: SyntaxWarning: invalid escape sequence '\S'
<unknown>:2: SyntaxWarning: invalid escape sequence '\L'
✅ Build thành công 
astropy__astropy|python|732d89c2940156bdc0e200bb36dc38b5e424bcba
\nĐang build Graph cho: 
astropy__astropy|python|3a0cd2d8cd7b459cdc1e1b97a14f3040ccc1fffc
Path: data/swebench_checkouts/astropy__astropy/astropy__astropy-13132
✅ Build thành công 
astropy__astropy|python|3a0cd2d8cd7b459cdc1e1b97a14f3040ccc1fffc
\nĐang build Graph cho: 
astropy__astropy|python|01c96c8cf1289c25172d538e1309f89cac88d41c
Path: data/swebench_checkouts/astropy__astropy/astropy__astropy-14379
✅ Build thành công 
astropy__astropy|python|01c96c8cf1289c25172d538e1309f89cac88d41c
\nĐang build Graph cho: 
astropy__astropy|python|fa4e8d1cd279acf9b24560813c8652494ccd5922
Path: data/swebench_checkouts/astropy__astropy/astropy__astropy-14369
✅ Build thành công 
astropy__astropy|python|fa4e8d1cd279acf9b24560813c8652494ccd5922
\nĐang build Graph cho: 
astropy__astropy|python|5e3ed748e2a59e5d72f82d85f871a8a61900ca75
Path: data/swebench_checkouts/astropy__astropy/astropy__astropy-14938
✅ Build thành công 
astropy__astropy|python|5e3ed748e2a59e5d72f82d85f871a8a61900ca75
\nĐang build Graph cho: 
astropy__astropy|python|0446f168dc6e34996482394f00770b52756b8f9c
Path: data/swebench_checkouts/astropy__astropy/astropy__astropy-13745
✅ Build thành công 
astropy__astropy|python|0446f168dc6e34996482394f00770b52756b8f9c
\nĐang build Graph cho: 
astropy__astropy|python|2002221360f4ad75f6b275bbffe4fa68412299b3
Path: data/swebench_checkouts/astropy__astropy/astropy__astropy-8251
ah_bootstrap.py:637: SyntaxWarning: invalid escape sequence '\S'
examples/coordinates/plot_sgr-coordinate-frame.py:2: SyntaxWarning: invalid escape sequence '\L'
<unknown>:637: SyntaxWarning: invalid escape sequence '\S'
<unknown>:2: SyntaxWarning: invalid escape sequence '\L'
✅ Build thành công 
astropy__astropy|python|2002221360f4ad75f6b275bbffe4fa68412299b3
\nĐang build Graph cho: 
astropy__astropy|python|7ea140de86b788b44f64ea5eeacfbd78ffd85b69
Path: data/swebench_checkouts/astropy__astropy/astropy__astropy-13668
✅ Build thành công 
astropy__astropy|python|7ea140de86b788b44f64ea5eeacfbd78ffd85b69
\nĐang build Graph cho: 
astropy__astropy|python|848c8fa21332abd66b44efe3cb48b72377fb32cc
Path: data/swebench_checkouts/astropy__astropy/astropy__astropy-7858
ah_bootstrap.py:636: SyntaxWarning: invalid escape sequence '\S'
examples/coordinates/plot_sgr-coordinate-frame.py:2: SyntaxWarning: invalid escape sequence '\L'
<unknown>:636: SyntaxWarning: invalid escape sequence '\S'
<unknown>:2: SyntaxWarning: invalid escape sequence '\L'
✅ Build thành công 
astropy__astropy|python|848c8fa21332abd66b44efe3cb48b72377fb32cc
\nĐang build Graph cho: 
astropy__astropy|python|d5bd3f68bb6d5ce3a61bdce9883ee750d1afade5
Path: data/swebench_checkouts/astropy__astropy/astropy__astropy-7746
ah_bootstrap.py:637: SyntaxWarning: invalid escape sequence '\S'
examples/coordinates/plot_sgr-coordinate-frame.py:2: SyntaxWarning: invalid escape sequence '\L'
<unknown>:637: SyntaxWarning: invalid escape sequence '\S'
<unknown>:2: SyntaxWarning: invalid escape sequence '\L'
✅ Build thành công 
astropy__astropy|python|d5bd3f68bb6d5ce3a61bdce9883ee750d1afade5
\nĐang build Graph cho: 
astropy__astropy|python|c00626462ee48a483791d92197582e7d1366c9e0
Path: data/swebench_checkouts/astropy__astropy/astropy__astropy-13638
✅ Build thành công 
astropy__astropy|python|c00626462ee48a483791d92197582e7d1366c9e0
\nĐang build Graph cho: 
astropy__astropy|python|dd2304672cdf4ea1b6f124f9f22ec5069a13c9f5
Path: data/swebench_checkouts/astropy__astropy/astropy__astropy-14253
✅ Build thành công 
astropy__astropy|python|dd2304672cdf4ea1b6f124f9f22ec5069a13c9f5
\nĐang build Graph cho: 
astropy__astropy|python|5aa2d0beca53988e054d496c6dcfa2199a405fb8
Path: data/swebench_checkouts/astropy__astropy/astropy__astropy-13933
✅ Build thành công 
astropy__astropy|python|5aa2d0beca53988e054d496c6dcfa2199a405fb8
\nĐang build Graph cho: 
astropy__astropy|python|43ee5806e9c6f7d58c12c1cb9287b3c61abe489d
Path: data/swebench_checkouts/astropy__astropy/astropy__astropy-13073
✅ Build thành công 
astropy__astropy|python|43ee5806e9c6f7d58c12c1cb9287b3c61abe489d
\nĐang build Graph cho: 
astropy__astropy|python|2d99bedef58144e321ec62667eea495d4391ee58
Path: data/swebench_checkouts/astropy__astropy/astropy__astropy-8747
examples/coordinates/plot_sgr-coordinate-frame.py:2: SyntaxWarning: invalid escape sequence '\L'
<unknown>:2: SyntaxWarning: invalid escape sequence '\L'
✅ Build thành công 
astropy__astropy|python|2d99bedef58144e321ec62667eea495d4391ee58
\nĐang build Graph cho: 
astropy__astropy|python|c0a24c1dc957a3b565294213f435fefb2ec99714
Path: data/swebench_checkouts/astropy__astropy/astropy__astropy-14539
✅ Build thành công 
astropy__astropy|python|c0a24c1dc957a3b565294213f435fefb2ec99714
\nĐang build Graph cho: 
astropy__astropy|python|5f74eacbcc7fff707a44d8eb58adaa514cb7dcb5
Path: data/swebench_checkouts/astropy__astropy/astropy__astropy-14590
✅ Build thành công 
astropy__astropy|python|5f74eacbcc7fff707a44d8eb58adaa514cb7dcb5
\nĐang build Graph cho: 
astropy__astropy|python|13b1bef09be51cb875ca665bb2cb14f5e5cf68de
Path: data/swebench_checkouts/astropy__astropy/astropy__astropy-14528
✅ Build thành công 
astropy__astropy|python|13b1bef09be51cb875ca665bb2cb14f5e5cf68de
\nĐang build Graph cho: 
astropy__astropy|python|a429c3984a14c995584455e51a6f3d7d9c16e914
Path: data/swebench_checkouts/astropy__astropy/astropy__astropy-14701
✅ Build thành công 
astropy__astropy|python|a429c3984a14c995584455e51a6f3d7d9c16e914
\nĐang build Graph cho: 
astropy__astropy|python|0e1d299f8f7084b8cb6286caed92e3169317027f
Path: data/swebench_checkouts/astropy__astropy/astropy__astropy-8519
ah_bootstrap.py:637: SyntaxWarning: invalid escape sequence '\S'
examples/coordinates/plot_sgr-coordinate-frame.py:2: SyntaxWarning: invalid escape sequence '\L'
<unknown>:637: SyntaxWarning: invalid escape sequence '\S'
<unknown>:2: SyntaxWarning: invalid escape sequence '\L'
✅ Build thành công 
astropy__astropy|python|0e1d299f8f7084b8cb6286caed92e3169317027f
\nĐang build Graph cho: 
astropy__astropy|python|b2b0717108c8b5381f12bc4ab1c759e3705fb8a8
Path: data/swebench_checkouts/astropy__astropy/astropy__astropy-8715
examples/coordinates/plot_sgr-coordinate-frame.py:2: SyntaxWarning: invalid escape sequence '\L'
<unknown>:2: SyntaxWarning: invalid escape sequence '\L'
✅ Build thành công 
astropy__astropy|python|b2b0717108c8b5381f12bc4ab1c759e3705fb8a8
\nĐang build Graph cho: 
astropy__astropy|python|6720a70d8dd9108317e21e8577caccecdde781f3
Path: data/swebench_checkouts/astropy__astropy/astropy__astropy-14042
✅ Build thành công 
astropy__astropy|python|6720a70d8dd9108317e21e8577caccecdde781f3
\nĐang build Graph cho: 
astropy__astropy|python|fc2e0754d9020bb9998bd0bb6ecb459d7f38bd44
Path: data/swebench_checkouts/astropy__astropy/astropy__astropy-14566
✅ Build thành công 
astropy__astropy|python|fc2e0754d9020bb9998bd0bb6ecb459d7f38bd44
\nĐang build Graph cho: 
astropy__astropy|python|b185ca184f8dd574531dcc21e797f00537fefa6a
Path: data/swebench_checkouts/astropy__astropy/astropy__astropy-13158
✅ Build thành công 
astropy__astropy|python|b185ca184f8dd574531dcc21e797f00537fefa6a
\nĐang build Graph cho: 
astropy__astropy|python|153e9447ae032d92be74e54272565f6e39c69b3c
Path: data/swebench_checkouts/astropy__astropy/astropy__astropy-7737
ah_bootstrap.py:637: SyntaxWarning: invalid escape sequence '\S'
examples/coordinates/plot_sgr-coordinate-frame.py:2: SyntaxWarning: invalid escape sequence '\L'
<unknown>:637: SyntaxWarning: invalid escape sequence '\S'
<unknown>:2: SyntaxWarning: invalid escape sequence '\L'
✅ Build thành công 
astropy__astropy|python|153e9447ae032d92be74e54272565f6e39c69b3c
\nĐang build Graph cho: 
astropy__astropy|python|69e2fabd847db3e0964ce0825c89741fb922fccb
Path: data/swebench_checkouts/astropy__astropy/astropy__astropy-8339
ah_bootstrap.py:637: SyntaxWarning: invalid escape sequence '\S'
examples/coordinates/plot_sgr-coordinate-frame.py:2: SyntaxWarning: invalid escape sequence '\L'
<unknown>:637: SyntaxWarning: invalid escape sequence '\S'
<unknown>:2: SyntaxWarning: invalid escape sequence '\L'
✅ Build thành công 
astropy__astropy|python|69e2fabd847db3e0964ce0825c89741fb922fccb
\nĐang build Graph cho: 
astropy__astropy|python|3b448815e21b117d34fe63007b8ef63ee084fefb
Path: data/swebench_checkouts/astropy__astropy/astropy__astropy-13842
✅ Build thành công 
astropy__astropy|python|3b448815e21b117d34fe63007b8ef63ee084fefb
\nĐang build Graph cho: 
astropy__astropy|python|28efbb42ab8ef21b06473be4a2560f1871195efb
Path: data/swebench_checkouts/astropy__astropy/astropy__astropy-8005
ah_bootstrap.py:636: SyntaxWarning: invalid escape sequence '\S'
examples/coordinates/plot_sgr-coordinate-frame.py:2: SyntaxWarning: invalid escape sequence '\L'
<unknown>:636: SyntaxWarning: invalid escape sequence '\S'
<unknown>:2: SyntaxWarning: invalid escape sequence '\L'
✅ Build thành công 
astropy__astropy|python|28efbb42ab8ef21b06473be4a2560f1871195efb
\nĐang build Graph cho: 
astropy__astropy|python|2b8631e7d64bfc16c70f5c51cda97964d8dd1ae0
Path: data/swebench_checkouts/astropy__astropy/astropy__astropy-13469
✅ Build thành công 
astropy__astropy|python|2b8631e7d64bfc16c70f5c51cda97964d8dd1ae0
\nĐang build Graph cho: 
astropy__astropy|python|c660b079b6472920662ca4a0c731751a0342448c
Path: data/swebench_checkouts/astropy__astropy/astropy__astropy-13075
✅ Build thành công 
astropy__astropy|python|c660b079b6472920662ca4a0c731751a0342448c
\nĐang build Graph cho: 
astropy__astropy|python|d707b792d3ca45518a53b4a395c81ee86bd7b451
Path: data/swebench_checkouts/astropy__astropy/astropy__astropy-13032
✅ Build thành công 
astropy__astropy|python|d707b792d3ca45518a53b4a395c81ee86bd7b451
\nĐang build Graph cho: 
astropy__astropy|python|7539d76ceae146f930d4473107d9940d2fc0b74f
Path: data/swebench_checkouts/astropy__astropy/astropy__astropy-13417
✅ Build thành công 
astropy__astropy|python|7539d76ceae146f930d4473107d9940d2fc0b74f
\nĐang build Graph cho: 
astropy__astropy|python|0f3e4a6549bc8bb3276184a021ecdd3482eb5d13
Path: data/swebench_checkouts/astropy__astropy/astropy__astropy-13465
✅ Build thành công 
astropy__astropy|python|0f3e4a6549bc8bb3276184a021ecdd3482eb5d13
\nĐang build Graph cho: 
astropy__astropy|python|f3f3b5def16a5a28ae655f51e08356e5f661ffb6
Path: data/swebench_checkouts/astropy__astropy/astropy__astropy-14966
✅ Build thành công 
astropy__astropy|python|f3f3b5def16a5a28ae655f51e08356e5f661ffb6
\nĐang build Graph cho: 
astropy__astropy|python|b6769c18c0881b6d290e543e9334c25043018b3f
Path: data/swebench_checkouts/astropy__astropy/astropy__astropy-12057
✅ Build thành công 
astropy__astropy|python|b6769c18c0881b6d290e543e9334c25043018b3f
\nĐang build Graph cho: 
astropy__astropy|python|80c3854a5f4f4a6ab86c03d9db7854767fcd83c1
Path: data/swebench_checkouts/astropy__astropy/astropy__astropy-14598
✅ Build thành công 
astropy__astropy|python|80c3854a5f4f4a6ab86c03d9db7854767fcd83c1
\nĐang build Graph cho: 
astropy__astropy|python|3cedd79e6c121910220f8e6df77c54a0b344ea94
Path: data/swebench_checkouts/astropy__astropy/astropy__astropy-7606
ah_bootstrap.py:637: SyntaxWarning: invalid escape sequence '\S'
examples/coordinates/plot_sgr-coordinate-frame.py:2: SyntaxWarning: invalid escape sequence '\L'
<unknown>:637: SyntaxWarning: invalid escape sequence '\S'
<unknown>:2: SyntaxWarning: invalid escape sequence '\L'
✅ Build thành công 
astropy__astropy|python|3cedd79e6c121910220f8e6df77c54a0b344ea94
\nĐang build Graph cho: 
astropy__astropy|python|34d79ea59b3ba25820dfe7fc9782e9014826e8b0
Path: data/swebench_checkouts/astropy__astropy/astropy__astropy-14413
✅ Build thành công 
astropy__astropy|python|34d79ea59b3ba25820dfe7fc9782e9014826e8b0
\nĐang build Graph cho: 
astropy__astropy|python|a7141cd90019b62688d507ae056298507678c058
Path: data/swebench_checkouts/astropy__astropy/astropy__astropy-7671
ah_bootstrap.py:637: SyntaxWarning: invalid escape sequence '\S'
examples/coordinates/plot_sgr-coordinate-frame.py:2: SyntaxWarning: invalid escape sequence '\L'
<unknown>:637: SyntaxWarning: invalid escape sequence '\S'
<unknown>:2: SyntaxWarning: invalid escape sequence '\L'
✅ Build thành công 
astropy__astropy|python|a7141cd90019b62688d507ae056298507678c058
\nĐang build Graph cho: 
astropy__astropy|python|1a4462d72eb03f30dc83a879b1dd57aac8b2c18b
Path: data/swebench_checkouts/astropy__astropy/astropy__astropy-14096
✅ Build thành công 
astropy__astropy|python|1a4462d72eb03f30dc83a879b1dd57aac8b2c18b
\nĐang build Graph cho: 
astropy__astropy|python|d083189bbc188807c3d62bd419ea5bbf38cf7d56
Path: data/swebench_checkouts/astropy__astropy/astropy__astropy-14163
✅ Build thành công 
astropy__astropy|python|d083189bbc188807c3d62bd419ea5bbf38cf7d56
\nĐang build Graph cho: 
astropy__astropy|python|e4bee4aa1b393d128e3df419d3ff91f8de626f37
Path: data/swebench_checkouts/astropy__astropy/astropy__astropy-8263
ah_bootstrap.py:637: SyntaxWarning: invalid escape sequence '\S'
examples/coordinates/plot_sgr-coordinate-frame.py:2: SyntaxWarning: invalid escape sequence '\L'
<unknown>:637: SyntaxWarning: invalid escape sequence '\S'
<unknown>:2: SyntaxWarning: invalid escape sequence '\L'
✅ Build thành công 
astropy__astropy|python|e4bee4aa1b393d128e3df419d3ff91f8de626f37
\nĐang build Graph cho: 
astropy__astropy|python|a85a0747c54bac75e9c3b2fe436b105ea029d6cf
Path: data/swebench_checkouts/astropy__astropy/astropy__astropy-8707
examples/coordinates/plot_sgr-coordinate-frame.py:2: SyntaxWarning: invalid escape sequence '\L'
<unknown>:2: SyntaxWarning: invalid escape sequence '\L'
✅ Build thành công 
astropy__astropy|python|a85a0747c54bac75e9c3b2fe436b105ea029d6cf
\nĐang build Graph cho: 
astropy__astropy|python|264d967708a3dcdb2bce0ed9f9ca3391c40f3ff3
Path: data/swebench_checkouts/astropy__astropy/astropy__astropy-7008
ah_bootstrap.py:624: SyntaxWarning: invalid escape sequence '\S'
examples/coordinates/plot_sgr-coordinate-frame.py:2: SyntaxWarning: invalid escape sequence '\L'
<unknown>:624: SyntaxWarning: invalid escape sequence '\S'
<unknown>:2: SyntaxWarning: invalid escape sequence '\L'
✅ Build thành công 
astropy__astropy|python|264d967708a3dcdb2bce0ed9f9ca3391c40f3ff3
\nĐang build Graph cho: 
astropy__astropy|python|d441bfdbb8e6dc57a52d8c1b117cadd030f0657a
Path: data/swebench_checkouts/astropy__astropy/astropy__astropy-13462
✅ Build thành công 
astropy__astropy|python|d441bfdbb8e6dc57a52d8c1b117cadd030f0657a
\nĐang build Graph cho: 
astropy__astropy|python|e2a2ca3eab1defc71aedf4cf3982f7d4793faacf
Path: data/swebench_checkouts/astropy__astropy/astropy__astropy-14371
✅ Build thành công 
astropy__astropy|python|e2a2ca3eab1defc71aedf4cf3982f7d4793faacf
\nĐang build Graph cho: 
astropy__astropy|python|b49ad06b4de9577648a55d499d914e08baeef2c6
Path: data/swebench_checkouts/astropy__astropy/astropy__astropy-12880
✅ Build thành công 
astropy__astropy|python|b49ad06b4de9577648a55d499d914e08baeef2c6
\nĐang build Graph cho: 
astropy__astropy|python|09e54670e4a46ed510e32d8206e4853920684952
Path: data/swebench_checkouts/astropy__astropy/astropy__astropy-14484
✅ Build thành công 
astropy__astropy|python|09e54670e4a46ed510e32d8206e4853920684952
\nĐang build Graph cho: 
astropy__astropy|python|d16bfe05a744909de4b27f5875fe0d4ed41ce607
Path: data/swebench_checkouts/astropy__astropy/astropy__astropy-12907
✅ Build thành công 
astropy__astropy|python|d16bfe05a744909de4b27f5875fe0d4ed41ce607
\nĐang build Graph cho: 
astropy__astropy|python|26d147868f8a891a6009a25cd6a8576d2e1bd747
Path: data/swebench_checkouts/astropy__astropy/astropy__astropy-7166
ah_bootstrap.py:638: SyntaxWarning: invalid escape sequence '\S'
examples/coordinates/plot_sgr-coordinate-frame.py:2: SyntaxWarning: invalid escape sequence '\L'
<unknown>:638: SyntaxWarning: invalid escape sequence '\S'
<unknown>:2: SyntaxWarning: invalid escape sequence '\L'
✅ Build thành công 
astropy__astropy|python|26d147868f8a891a6009a25cd6a8576d2e1bd747
\nĐang build Graph cho: 
astropy__astropy|python|edf7493ec141a9072b5ce3e33071dff66e58bf49
Path: data/swebench_checkouts/astropy__astropy/astropy__astropy-14991
✅ Build thành công 
astropy__astropy|python|edf7493ec141a9072b5ce3e33071dff66e58bf49
\nĐang build Graph cho: 
astropy__astropy|python|6ed769d58d89380ebaa1ef52b300691eefda8928
Path: data/swebench_checkouts/astropy__astropy/astropy__astropy-13236
✅ Build thành công 
astropy__astropy|python|6ed769d58d89380ebaa1ef52b300691eefda8928
\nĐang build Graph cho: 
astropy__astropy|python|a6c712375ed38d422812e013566a34f928677acd
Path: data/swebench_checkouts/astropy__astropy/astropy__astropy-13838
✅ Build thành công 
astropy__astropy|python|a6c712375ed38d422812e013566a34f928677acd
\nĐang build Graph cho: 
astropy__astropy|python|19cc80471739bcb67b7e8099246b391c355023ee
Path: data/swebench_checkouts/astropy__astropy/astropy__astropy-13453
✅ Build thành công 
astropy__astropy|python|19cc80471739bcb67b7e8099246b391c355023ee
\nĐang build Graph cho: 
astropy__astropy|python|c748299218dcbd9e15caef558722cc04aa658fad
Path: data/swebench_checkouts/astropy__astropy/astropy__astropy-14578
✅ Build thành công 
astropy__astropy|python|c748299218dcbd9e15caef558722cc04aa658fad
\nĐang build Graph cho: 
astropy__astropy|python|a5ccc9522ca139df7a7cf4e2e506ffd288e55620
Path: data/swebench_checkouts/astropy__astropy/astropy__astropy-14213
✅ Build thành công 
astropy__astropy|python|a5ccc9522ca139df7a7cf4e2e506ffd288e55620
\nĐang build Graph cho: 
astropy__astropy|python|78c4ac119a182eee14cb3761e0dc9ea0e59b291f
Path: data/swebench_checkouts/astropy__astropy/astropy__astropy-13162
✅ Build thành công 
astropy__astropy|python|78c4ac119a182eee14cb3761e0dc9ea0e59b291f
\nĐang build Graph cho: 
astropy__astropy|python|c667e73df92215cf1446c3eda71a56fdaebba426
Path: data/swebench_checkouts/astropy__astropy/astropy__astropy-14628
✅ Build thành công 
astropy__astropy|python|c667e73df92215cf1446c3eda71a56fdaebba426
\nĐang build Graph cho: 
astropy__astropy|python|192be538570db75f1f3bf5abe0c7631750e6addc
Path: data/swebench_checkouts/astropy__astropy/astropy__astropy-13803
✅ Build thành công 
astropy__astropy|python|192be538570db75f1f3bf5abe0c7631750e6addc
\nĐang build Graph cho: 
astropy__astropy|python|2288ecd4e9c4d3722d72b7f4a6555a34f4f04fc7
Path: data/swebench_checkouts/astropy__astropy/astropy__astropy-13068
✅ Build thành công 
astropy__astropy|python|2288ecd4e9c4d3722d72b7f4a6555a34f4f04fc7
\nĐang build Graph cho: 
astropy__astropy|python|d21dc232d8626b3aff24784628a6e85d177784ae
Path: data/swebench_checkouts/astropy__astropy/astropy__astropy-12962
✅ Build thành công 
astropy__astropy|python|d21dc232d8626b3aff24784628a6e85d177784ae
\nĐang build Graph cho: 
astropy__astropy|python|986123f73ce94d4511f453dbdd4470c72f47402a
Path: data/swebench_checkouts/astropy__astropy/astropy__astropy-13572
✅ Build thành công 
astropy__astropy|python|986123f73ce94d4511f453dbdd4470c72f47402a
\nĐang build Graph cho: 
astropy__astropy|python|c40b75720a64186b57ad1de94ad7f21fa7728880
Path: data/swebench_checkouts/astropy__astropy/astropy__astropy-13477
✅ Build thành công 
astropy__astropy|python|c40b75720a64186b57ad1de94ad7f21fa7728880
\nĐang build Graph cho: 
astropy__astropy|python|5e5764ed27a8ee1a162a09e3398fcfb7481389af
Path: data/swebench_checkouts/astropy__astropy/astropy__astropy-7441
ah_bootstrap.py:651: SyntaxWarning: invalid escape sequence '\S'
examples/coordinates/plot_sgr-coordinate-frame.py:2: SyntaxWarning: invalid escape sequence '\L'
<unknown>:651: SyntaxWarning: invalid escape sequence '\S'
<unknown>:2: SyntaxWarning: invalid escape sequence '\L'
✅ Build thành công 
astropy__astropy|python|5e5764ed27a8ee1a162a09e3398fcfb7481389af
\nĐang build Graph cho: 
astropy__astropy|python|a5917978be39d13cd90b517e1de4e7a539ffaa48
Path: data/swebench_checkouts/astropy__astropy/astropy__astropy-14182
✅ Build thành công 
astropy__astropy|python|a5917978be39d13cd90b517e1de4e7a539ffaa48
\nĐang build Graph cho: 
astropy__astropy|python|d7d1283947d0fbdc0b88c536c6d6d46fbb604139
Path: data/swebench_checkouts/astropy__astropy/repo
✅ Build thành công 
astropy__astropy|python|d7d1283947d0fbdc0b88c536c6d6d46fbb604139
\nĐang build Graph cho: 
astropy__astropy|python|4bd88be61fdf4185b9c198f7e689a40041e392ee
Path: data/swebench_checkouts/astropy__astropy/astropy__astropy-13438
✅ Build thành công 
astropy__astropy|python|4bd88be61fdf4185b9c198f7e689a40041e392ee
\nĐang build Graph cho: 
astropy__astropy|python|a30301e5535be2f558cb948da6b3475df4e36a98
Path: data/swebench_checkouts/astropy__astropy/astropy__astropy-13731
✅ Build thành công 
astropy__astropy|python|a30301e5535be2f558cb948da6b3475df4e36a98
\nĐang build Graph cho: 
astropy__astropy|python|9fd247339e51441460b43368d415fced327c97a2
Path: data/swebench_checkouts/astropy__astropy/astropy__astropy-13734
✅ Build thành công 
astropy__astropy|python|9fd247339e51441460b43368d415fced327c97a2
\nĐang build Graph cho: 
astropy__astropy|python|9626265d77b8a21c113615c08bc6782deb52eaed
Path: data/swebench_checkouts/astropy__astropy/astropy__astropy-7218
ah_bootstrap.py:651: SyntaxWarning: invalid escape sequence '\S'
examples/coordinates/plot_sgr-coordinate-frame.py:2: SyntaxWarning: invalid escape sequence '\L'
<unknown>:651: SyntaxWarning: invalid escape sequence '\S'
<unknown>:2: SyntaxWarning: invalid escape sequence '\L'
✅ Build thành công 
astropy__astropy|python|9626265d77b8a21c113615c08bc6782deb52eaed
\nĐang build Graph cho: 
astropy__astropy|python|cdb66059a2feb44ee49021874605ba90801f9986
Path: data/swebench_checkouts/astropy__astropy/astropy__astropy-14309
✅ Build thành công 
astropy__astropy|python|cdb66059a2feb44ee49021874605ba90801f9986
\nĐang build Graph cho: 
astropy__astropy|python|1e75f298aef2540240c63b4075d06851d55fc19a
Path: data/swebench_checkouts/astropy__astropy/astropy__astropy-13390
✅ Build thành công 
astropy__astropy|python|1e75f298aef2540240c63b4075d06851d55fc19a
\nĐang build Graph cho: 
astropy__astropy|python|43ce7895bb5b61d4fab2f9cc7d07016cf105f18e
Path: data/swebench_checkouts/astropy__astropy/astropy__astropy-12318
✅ Build thành công 
astropy__astropy|python|43ce7895bb5b61d4fab2f9cc7d07016cf105f18e
\nĐang build Graph cho: 
pylint-dev__pylint|python|ae6cbd1062c0a8e68d32a5cdc67c993da26d0f4a
Path: data/swebench_checkouts/pylint-dev__pylint/pylint-dev__pylint-4175
✅ Build thành công 
pylint-dev__pylint|python|ae6cbd1062c0a8e68d32a5cdc67c993da26d0f4a
\nĐang build Graph cho: 
pylint-dev__pylint|python|b6844102c66c5427a8abbf828f862eed2ba77f34
Path: data/swebench_checkouts/pylint-dev__pylint/repo
doc/data/messages/a/anomalous-backslash-in-string/bad.py:1: SyntaxWarning: invalid escape sequence '\z'
doc/data/messages/a/anomalous-unicode-escape-in-string/bad.py:1: SyntaxWarning: invalid escape sequence '\u'
✅ Build thành công 
pylint-dev__pylint|python|b6844102c66c5427a8abbf828f862eed2ba77f34
\nĐang build Graph cho: 
pydata__xarray|python|7c4e2ac83f7b4306296ff9b7b51aaf016e5ad614
Path: data/swebench_checkouts/pydata__xarray/pydata__xarray-2905
✅ Build thành công 
pydata__xarray|python|7c4e2ac83f7b4306296ff9b7b51aaf016e5ad614
\nĐang build Graph cho: 
pydata__xarray|python|c9ac506d723485adc7e75934739b3093227cce08
Path: data/swebench_checkouts/pydata__xarray/repo
✅ Build thành công 
pydata__xarray|python|c9ac506d723485adc7e75934739b3093227cce08
\nĐang build Graph cho: 
sphinx-doc__sphinx|python|4c91c038b220d07bbdfe0c1680af42fe897f342c
Path: data/swebench_checkouts/sphinx-doc__sphinx/sphinx-doc__sphinx-9797
✅ Build thành công 
sphinx-doc__sphinx|python|4c91c038b220d07bbdfe0c1680af42fe897f342c
\nĐang build Graph cho: 
sphinx-doc__sphinx|python|9236b4247ee8e00ed89eb3ccc456236cdd8eaaea
Path: data/swebench_checkouts/sphinx-doc__sphinx/sphinx-doc__sphinx-10353
✅ Build thành công 
sphinx-doc__sphinx|python|9236b4247ee8e00ed89eb3ccc456236cdd8eaaea
\nĐang build Graph cho: 
sphinx-doc__sphinx|python|f85b870ad59f39c8637160a4cd4d865ce1e1628e
Path: data/swebench_checkouts/sphinx-doc__sphinx/sphinx-doc__sphinx-7305
✅ Build thành công 
sphinx-doc__sphinx|python|f85b870ad59f39c8637160a4cd4d865ce1e1628e
\nĐang build Graph cho: 
sphinx-doc__sphinx|python|68aa4fb29e7dfe521749e1e14f750d7afabb3481
Path: data/swebench_checkouts/sphinx-doc__sphinx/sphinx-doc__sphinx-8459
✅ Build thành công 
sphinx-doc__sphinx|python|68aa4fb29e7dfe521749e1e14f750d7afabb3481
\nĐang build Graph cho: 
sphinx-doc__sphinx|python|b428cd2404675475a5c3dc2a2b0790ba57676202
Path: data/swebench_checkouts/sphinx-doc__sphinx/sphinx-doc__sphinx-8265
✅ Build thành công 
sphinx-doc__sphinx|python|b428cd2404675475a5c3dc2a2b0790ba57676202
\nĐang build Graph cho: 
sphinx-doc__sphinx|python|2feb0b43b64012ac982a9d07af85002b43b59226
Path: data/swebench_checkouts/sphinx-doc__sphinx/sphinx-doc__sphinx-7930
✅ Build thành công 
sphinx-doc__sphinx|python|2feb0b43b64012ac982a9d07af85002b43b59226
\nĐang build Graph cho: 
sphinx-doc__sphinx|python|f0fef96906d80d89e290a780767a92ba85977733
Path: data/swebench_checkouts/sphinx-doc__sphinx/sphinx-doc__sphinx-9234
✅ Build thành công 
sphinx-doc__sphinx|python|f0fef96906d80d89e290a780767a92ba85977733
\nĐang build Graph cho: 
sphinx-doc__sphinx|python|ec9af606c6cfa515f946d74da9b51574f2f9b16f
Path: data/swebench_checkouts/sphinx-doc__sphinx/sphinx-doc__sphinx-7889
✅ Build thành công 
sphinx-doc__sphinx|python|ec9af606c6cfa515f946d74da9b51574f2f9b16f
\nĐang build Graph cho: 
sphinx-doc__sphinx|python|1513d5077439b6f1e69108233d1a08059f420970
Path: data/swebench_checkouts/sphinx-doc__sphinx/sphinx-doc__sphinx-9171
✅ Build thành công 
sphinx-doc__sphinx|python|1513d5077439b6f1e69108233d1a08059f420970
\nĐang build Graph cho: 
sphinx-doc__sphinx|python|571b55328d401a6e1d50e37407df56586065a7be
Path: data/swebench_checkouts/sphinx-doc__sphinx/sphinx-doc__sphinx-10551
✅ Build thành công 
sphinx-doc__sphinx|python|571b55328d401a6e1d50e37407df56586065a7be
\nĐang build Graph cho: 
sphinx-doc__sphinx|python|563936b969dfc29ade7d48f1a802d5f6f6348f4c
Path: data/swebench_checkouts/sphinx-doc__sphinx/sphinx-doc__sphinx-9828
✅ Build thành công 
sphinx-doc__sphinx|python|563936b969dfc29ade7d48f1a802d5f6f6348f4c
\nĐang build Graph cho: 
sphinx-doc__sphinx|python|0cfb433b25c085071ea46c3ecf8e84f17228643f
Path: data/swebench_checkouts/sphinx-doc__sphinx/sphinx-doc__sphinx-8037
✅ Build thành công 
sphinx-doc__sphinx|python|0cfb433b25c085071ea46c3ecf8e84f17228643f
\nĐang build Graph cho: 
sphinx-doc__sphinx|python|65fd5be20d0269c47fbf8c5bbc37a6f24324594b
Path: data/swebench_checkouts/sphinx-doc__sphinx/sphinx-doc__sphinx-11311
✅ Build thành công 
sphinx-doc__sphinx|python|65fd5be20d0269c47fbf8c5bbc37a6f24324594b
\nĐang build Graph cho: 
sphinx-doc__sphinx|python|876fa81e0a038cda466925b85ccf6c5452e0f685
Path: data/swebench_checkouts/sphinx-doc__sphinx/sphinx-doc__sphinx-9229
✅ Build thành công 
sphinx-doc__sphinx|python|876fa81e0a038cda466925b85ccf6c5452e0f685
\nĐang build Graph cho: 
sphinx-doc__sphinx|python|4b452338f914d4f6b54704222d70ae8a746e3db5
Path: data/swebench_checkouts/sphinx-doc__sphinx/sphinx-doc__sphinx-8638
✅ Build thành công 
sphinx-doc__sphinx|python|4b452338f914d4f6b54704222d70ae8a746e3db5
\nĐang build Graph cho: 
sphinx-doc__sphinx|python|f47bf1471d10d4ac938066bc84df879f1060ba7f
Path: data/swebench_checkouts/sphinx-doc__sphinx/sphinx-doc__sphinx-9180
✅ Build thành công 
sphinx-doc__sphinx|python|f47bf1471d10d4ac938066bc84df879f1060ba7f
\nĐang build Graph cho: 
sphinx-doc__sphinx|python|3d25662550aba00d6e2e43d3ff76dce958079368
Path: data/swebench_checkouts/sphinx-doc__sphinx/sphinx-doc__sphinx-10137
✅ Build thành công 
sphinx-doc__sphinx|python|3d25662550aba00d6e2e43d3ff76dce958079368
\nĐang build Graph cho: 
sphinx-doc__sphinx|python|edd9ea0a3986156733be05e660d658931da379a9
Path: data/swebench_checkouts/sphinx-doc__sphinx/sphinx-doc__sphinx-11503
✅ Build thành công 
sphinx-doc__sphinx|python|edd9ea0a3986156733be05e660d658931da379a9
\nĐang build Graph cho: 
sphinx-doc__sphinx|python|4689ec6de1241077552458ed38927c0e713bb85d
Path: data/swebench_checkouts/sphinx-doc__sphinx/sphinx-doc__sphinx-10321
✅ Build thành công 
sphinx-doc__sphinx|python|4689ec6de1241077552458ed38927c0e713bb85d
\nĐang build Graph cho: 
sphinx-doc__sphinx|python|da395b413245e8001f576e547614dc6baa7d5575
Path: data/swebench_checkouts/sphinx-doc__sphinx/sphinx-doc__sphinx-7859
✅ Build thành công 
sphinx-doc__sphinx|python|da395b413245e8001f576e547614dc6baa7d5575
\nĐang build Graph cho: 
sphinx-doc__sphinx|python|8d87dde43ba0400c46d791e42d9b50bc879cdddb
Path: data/swebench_checkouts/sphinx-doc__sphinx/sphinx-doc__sphinx-9233
✅ Build thành công 
sphinx-doc__sphinx|python|8d87dde43ba0400c46d791e42d9b50bc879cdddb
\nĐang build Graph cho: 
sphinx-doc__sphinx|python|7ca279e33aebb60168d35e6be4ed059f4a68f2c1
Path: data/swebench_checkouts/sphinx-doc__sphinx/sphinx-doc__sphinx-8801
✅ Build thành công 
sphinx-doc__sphinx|python|7ca279e33aebb60168d35e6be4ed059f4a68f2c1
\nĐang build Graph cho: 
sphinx-doc__sphinx|python|3ad1e5e7d1a5fa38e94124e8afc441764a95cdd9
Path: data/swebench_checkouts/sphinx-doc__sphinx/sphinx-doc__sphinx-9053
✅ Build thành công 
sphinx-doc__sphinx|python|3ad1e5e7d1a5fa38e94124e8afc441764a95cdd9
\nĐang build Graph cho: 
sphinx-doc__sphinx|python|805fd98e00229b419106063e5fd1566ca4bd938f
Path: data/swebench_checkouts/sphinx-doc__sphinx/sphinx-doc__sphinx-9386
✅ Build thành công 
sphinx-doc__sphinx|python|805fd98e00229b419106063e5fd1566ca4bd938f
\nĐang build Graph cho: 
sphinx-doc__sphinx|python|d417b0ab8399810079cdafddc6ebaa46a6a85036
Path: data/swebench_checkouts/sphinx-doc__sphinx/sphinx-doc__sphinx-10048
✅ Build thành công 
sphinx-doc__sphinx|python|d417b0ab8399810079cdafddc6ebaa46a6a85036
\nĐang build Graph cho: 
sphinx-doc__sphinx|python|3f560cd67239f75840cc7a439ab54d8509c855f6
Path: data/swebench_checkouts/sphinx-doc__sphinx/sphinx-doc__sphinx-8611
✅ Build thành công 
sphinx-doc__sphinx|python|3f560cd67239f75840cc7a439ab54d8509c855f6
\nĐang build Graph cho: 
sphinx-doc__sphinx|python|36367765fe780f962bba861bf368a765380bbc68
Path: data/swebench_checkouts/sphinx-doc__sphinx/sphinx-doc__sphinx-10449
✅ Build thành công 
sphinx-doc__sphinx|python|36367765fe780f962bba861bf368a765380bbc68
\nĐang build Graph cho: 
sphinx-doc__sphinx|python|7887615374656da0556966b8cd37d2af8dac2654
Path: data/swebench_checkouts/sphinx-doc__sphinx/sphinx-doc__sphinx-7395
✅ Build thành công 
sphinx-doc__sphinx|python|7887615374656da0556966b8cd37d2af8dac2654
\nĐang build Graph cho: 
sphinx-doc__sphinx|python|0f1fcdc1137e9f1e954d349f4721744af1e82828
Path: data/swebench_checkouts/sphinx-doc__sphinx/sphinx-doc__sphinx-8633
✅ Build thành công 
sphinx-doc__sphinx|python|0f1fcdc1137e9f1e954d349f4721744af1e82828
\nĐang build Graph cho: 
sphinx-doc__sphinx|python|8ec06e9a1bd862cd713b9db748e039ccc7b3e15b
Path: data/swebench_checkouts/sphinx-doc__sphinx/sphinx-doc__sphinx-9281
✅ Build thành công 
sphinx-doc__sphinx|python|8ec06e9a1bd862cd713b9db748e039ccc7b3e15b
\nĐang build Graph cho: 
sphinx-doc__sphinx|python|8ddf3f09c62e2a4651458759fcc97e751ca63063
Path: data/swebench_checkouts/sphinx-doc__sphinx/sphinx-doc__sphinx-10021
✅ Build thành công 
sphinx-doc__sphinx|python|8ddf3f09c62e2a4651458759fcc97e751ca63063
\nĐang build Graph cho: 
sphinx-doc__sphinx|python|6918e69600810a4664e53653d6ff0290c3c4a788
Path: data/swebench_checkouts/sphinx-doc__sphinx/sphinx-doc__sphinx-9367
✅ Build thành công 
sphinx-doc__sphinx|python|6918e69600810a4664e53653d6ff0290c3c4a788
\nĐang build Graph cho: 
sphinx-doc__sphinx|python|40f2c832ff3ce2d908b0d8bace3e1f6698eed712
Path: data/swebench_checkouts/sphinx-doc__sphinx/sphinx-doc__sphinx-8658
✅ Build thành công 
sphinx-doc__sphinx|python|40f2c832ff3ce2d908b0d8bace3e1f6698eed712
\nĐang build Graph cho: 
sphinx-doc__sphinx|python|3419079fb0d1f0eecd845eff0d12b367d34cd5e9
Path: data/swebench_checkouts/sphinx-doc__sphinx/sphinx-doc__sphinx-7670
✅ Build thành công 
sphinx-doc__sphinx|python|3419079fb0d1f0eecd845eff0d12b367d34cd5e9
\nĐang build Graph cho: 
sphinx-doc__sphinx|python|5cf3dce36ec35c429724bf1312ece9faa0c8db39
Path: data/swebench_checkouts/sphinx-doc__sphinx/sphinx-doc__sphinx-11312
✅ Build thành công 
sphinx-doc__sphinx|python|5cf3dce36ec35c429724bf1312ece9faa0c8db39
\nĐang build Graph cho: 
sphinx-doc__sphinx|python|81a4fd973d4cfcb25d01a7b0be62cdb28f82406d
Path: data/swebench_checkouts/sphinx-doc__sphinx/sphinx-doc__sphinx-9711
✅ Build thành công 
sphinx-doc__sphinx|python|81a4fd973d4cfcb25d01a7b0be62cdb28f82406d
\nĐang build Graph cho: 
sphinx-doc__sphinx|python|b3e26a6c851133b82b50f4b68b53692076574d13
Path: data/swebench_checkouts/sphinx-doc__sphinx/sphinx-doc__sphinx-7462
✅ Build thành công 
sphinx-doc__sphinx|python|b3e26a6c851133b82b50f4b68b53692076574d13
\nĐang build Graph cho: 
sphinx-doc__sphinx|python|db739afaeb6129676504e964ce287fe6becb3471
Path: data/swebench_checkouts/sphinx-doc__sphinx/sphinx-doc__sphinx-11316
✅ Build thành công 
sphinx-doc__sphinx|python|db739afaeb6129676504e964ce287fe6becb3471
\nĐang build Graph cho: 
sphinx-doc__sphinx|python|6101077aab43529128496915c1c30ba3b1ce373c
Path: data/swebench_checkouts/sphinx-doc__sphinx/sphinx-doc__sphinx-8684
✅ Build thành công 
sphinx-doc__sphinx|python|6101077aab43529128496915c1c30ba3b1ce373c
\nĐang build Graph cho: 
sphinx-doc__sphinx|python|113e1d8759e444342544bd97ed93bc1622b9a6bb
Path: data/swebench_checkouts/sphinx-doc__sphinx/sphinx-doc__sphinx-10504
✅ Build thành công 
sphinx-doc__sphinx|python|113e1d8759e444342544bd97ed93bc1622b9a6bb
\nĐang build Graph cho: 
sphinx-doc__sphinx|python|06107f838c28ab6ca6bfc2cc208e15997fcb2146
Path: data/swebench_checkouts/sphinx-doc__sphinx/sphinx-doc__sphinx-9258
✅ Build thành công 
sphinx-doc__sphinx|python|06107f838c28ab6ca6bfc2cc208e15997fcb2146
\nĐang build Graph cho: 
sphinx-doc__sphinx|python|27ac10de04697e2372d31db5548e56a7c6d9265d
Path: data/swebench_checkouts/sphinx-doc__sphinx/sphinx-doc__sphinx-7910
✅ Build thành công 
sphinx-doc__sphinx|python|27ac10de04697e2372d31db5548e56a7c6d9265d
\nĐang build Graph cho: 
sphinx-doc__sphinx|python|2e506c5ab457cba743bb47eb5b8c8eb9dd51d23d
Path: data/swebench_checkouts/sphinx-doc__sphinx/sphinx-doc__sphinx-7590
✅ Build thành công 
sphinx-doc__sphinx|python|2e506c5ab457cba743bb47eb5b8c8eb9dd51d23d
\nĐang build Graph cho: 
sphinx-doc__sphinx|python|9bb204dcabe6ba0fc422bf4a45ad0c79c680d90b
Path: data/swebench_checkouts/sphinx-doc__sphinx/sphinx-doc__sphinx-7440
✅ Build thành công 
sphinx-doc__sphinx|python|9bb204dcabe6ba0fc422bf4a45ad0c79c680d90b
\nĐang build Graph cho: 
sphinx-doc__sphinx|python|5d8d6275a54f2c5fb72b82383b5712c22d337634
Path: data/swebench_checkouts/sphinx-doc__sphinx/sphinx-doc__sphinx-8435
✅ Build thành công 
sphinx-doc__sphinx|python|5d8d6275a54f2c5fb72b82383b5712c22d337634
\nĐang build Graph cho: 
sphinx-doc__sphinx|python|dfdc7626b5dd06bff3d326e6efddc492ef00c471
Path: data/swebench_checkouts/sphinx-doc__sphinx/sphinx-doc__sphinx-9128
✅ Build thành công 
sphinx-doc__sphinx|python|dfdc7626b5dd06bff3d326e6efddc492ef00c471
\nĐang build Graph cho: 
sphinx-doc__sphinx|python|fdd1aaf77058a579a5b5c2e3e6aff935265a7e49
Path: data/swebench_checkouts/sphinx-doc__sphinx/sphinx-doc__sphinx-7906
✅ Build thành công 
sphinx-doc__sphinx|python|fdd1aaf77058a579a5b5c2e3e6aff935265a7e49
\nĐang build Graph cho: 
sphinx-doc__sphinx|python|4ec6cbe341fd84468c448e20082c778043bbea4b
Path: data/swebench_checkouts/sphinx-doc__sphinx/sphinx-doc__sphinx-7975
✅ Build thành công 
sphinx-doc__sphinx|python|4ec6cbe341fd84468c448e20082c778043bbea4b
\nĐang build Graph cho: 
sphinx-doc__sphinx|python|88b81a06eb635a1596617f8971fa97a84c069e93
Path: data/swebench_checkouts/sphinx-doc__sphinx/sphinx-doc__sphinx-8273
✅ Build thành công 
sphinx-doc__sphinx|python|88b81a06eb635a1596617f8971fa97a84c069e93
\nĐang build Graph cho: 
sphinx-doc__sphinx|python|f1061c012e214f16fd8790dec3c283d787e3daa8
Path: data/swebench_checkouts/sphinx-doc__sphinx/sphinx-doc__sphinx-10435
✅ Build thành công 
sphinx-doc__sphinx|python|f1061c012e214f16fd8790dec3c283d787e3daa8
\nĐang build Graph cho: 
sphinx-doc__sphinx|python|e188d56ed1248dead58f3f8018c0e9a3f99193f7
Path: data/swebench_checkouts/sphinx-doc__sphinx/sphinx-doc__sphinx-8056
✅ Build thành công 
sphinx-doc__sphinx|python|e188d56ed1248dead58f3f8018c0e9a3f99193f7
\nĐang build Graph cho: 
sphinx-doc__sphinx|python|4d90277c49633705148793ab02b28353c8a59b48
Path: data/swebench_checkouts/sphinx-doc__sphinx/sphinx-doc__sphinx-9261
✅ Build thành công 
sphinx-doc__sphinx|python|4d90277c49633705148793ab02b28353c8a59b48
\nĐang build Graph cho: 
sphinx-doc__sphinx|python|4050f2df9d618d4deb4ce28ccea69ede65b45005
Path: data/swebench_checkouts/sphinx-doc__sphinx/sphinx-doc__sphinx-7356
✅ Build thành công 
sphinx-doc__sphinx|python|4050f2df9d618d4deb4ce28ccea69ede65b45005
\nĐang build Graph cho: 
sphinx-doc__sphinx|python|57ed10c68057c96491acbd3e62254ccfaf9e3861
Path: data/swebench_checkouts/sphinx-doc__sphinx/sphinx-doc__sphinx-8551
✅ Build thành công 
sphinx-doc__sphinx|python|57ed10c68057c96491acbd3e62254ccfaf9e3861
\nĐang build Graph cho: 
sphinx-doc__sphinx|python|8b23f6db12d9fcdb6e1ca2015ea32e3e2e1fbdb6
Path: data/swebench_checkouts/sphinx-doc__sphinx/sphinx-doc__sphinx-10207
✅ Build thành công 
sphinx-doc__sphinx|python|8b23f6db12d9fcdb6e1ca2015ea32e3e2e1fbdb6
\nĐang build Graph cho: 
sphinx-doc__sphinx|python|276f430b57957771f23355a6a1eb10a55899a677
Path: data/swebench_checkouts/sphinx-doc__sphinx/sphinx-doc__sphinx-10819
✅ Build thành công 
sphinx-doc__sphinx|python|276f430b57957771f23355a6a1eb10a55899a677
\nĐang build Graph cho: 
sphinx-doc__sphinx|python|8fd4373d3aec07b8d9a4fb159b6236f4dc715b21
Path: data/swebench_checkouts/sphinx-doc__sphinx/sphinx-doc__sphinx-9547
✅ Build thành công 
sphinx-doc__sphinx|python|8fd4373d3aec07b8d9a4fb159b6236f4dc715b21
\nĐang build Graph cho: 
sphinx-doc__sphinx|python|f1af7dc84fed8143e8bf7a51edb1338e21e6f901
Path: data/swebench_checkouts/sphinx-doc__sphinx/sphinx-doc__sphinx-8284
✅ Build thành công 
sphinx-doc__sphinx|python|f1af7dc84fed8143e8bf7a51edb1338e21e6f901
\nĐang build Graph cho: 
sphinx-doc__sphinx|python|1e2ccd8f0eca0870cf6f8fce6934e2da8eba9b72
Path: data/swebench_checkouts/sphinx-doc__sphinx/sphinx-doc__sphinx-8269
✅ Build thành công 
sphinx-doc__sphinx|python|1e2ccd8f0eca0870cf6f8fce6934e2da8eba9b72
\nĐang build Graph cho: 
sphinx-doc__sphinx|python|d5d072bc3a561b0d462aa27b9f85662da1a5bd93
Path: data/swebench_checkouts/sphinx-doc__sphinx/sphinx-doc__sphinx-8707
✅ Build thành công 
sphinx-doc__sphinx|python|d5d072bc3a561b0d462aa27b9f85662da1a5bd93
\nĐang build Graph cho: 
sphinx-doc__sphinx|python|3c017dcdee6b9f4b7f5e46b3b0ba2cebced4d4dc
Path: data/swebench_checkouts/sphinx-doc__sphinx/sphinx-doc__sphinx-8202
✅ Build thành công 
sphinx-doc__sphinx|python|3c017dcdee6b9f4b7f5e46b3b0ba2cebced4d4dc
\nĐang build Graph cho: 
sphinx-doc__sphinx|python|82dad44e5bd3776ecb6fd8ded656bc8151d0e63d
Path: data/swebench_checkouts/sphinx-doc__sphinx/sphinx-doc__sphinx-9289
✅ Build thành công 
sphinx-doc__sphinx|python|82dad44e5bd3776ecb6fd8ded656bc8151d0e63d
\nĐang build Graph cho: 
sphinx-doc__sphinx|python|07983a5a8704ad91ae855218ecbda1c8598200ca
Path: data/swebench_checkouts/sphinx-doc__sphinx/sphinx-doc__sphinx-8593
✅ Build thành công 
sphinx-doc__sphinx|python|07983a5a8704ad91ae855218ecbda1c8598200ca
\nĐang build Graph cho: 
sphinx-doc__sphinx|python|2c2335bbb8af99fa132e1573bbf45dc91584d5a2
Path: data/swebench_checkouts/sphinx-doc__sphinx/sphinx-doc__sphinx-8282
✅ Build thành công 
sphinx-doc__sphinx|python|2c2335bbb8af99fa132e1573bbf45dc91584d5a2
\nĐang build Graph cho: 
sphinx-doc__sphinx|python|6c6cc8a6f50b18331cb818160d168d7bb9c03e55
Path: data/swebench_checkouts/sphinx-doc__sphinx/sphinx-doc__sphinx-9829
✅ Build thành công 
sphinx-doc__sphinx|python|6c6cc8a6f50b18331cb818160d168d7bb9c03e55
\nĐang build Graph cho: 
sphinx-doc__sphinx|python|31ed71dfb335f46c97ba227cbfc34172eeb71f1f
Path: data/swebench_checkouts/sphinx-doc__sphinx/sphinx-doc__sphinx-9997
✅ Build thành công 
sphinx-doc__sphinx|python|31ed71dfb335f46c97ba227cbfc34172eeb71f1f
\nĐang build Graph cho: 
sphinx-doc__sphinx|python|7bdc11e87c7d86dcc2a087eccb7a7c129a473415
Path: data/swebench_checkouts/sphinx-doc__sphinx/sphinx-doc__sphinx-10325
✅ Build thành công 
sphinx-doc__sphinx|python|7bdc11e87c7d86dcc2a087eccb7a7c129a473415
\nĐang build Graph cho: 
sphinx-doc__sphinx|python|d2c8cd3c803b27537a4d6f871279fce93d503d82
Path: data/swebench_checkouts/sphinx-doc__sphinx/sphinx-doc__sphinx-9207
✅ Build thành công 
sphinx-doc__sphinx|python|d2c8cd3c803b27537a4d6f871279fce93d503d82
\nĐang build Graph cho: 
sphinx-doc__sphinx|python|8981e84779ff87f1a058939a5d678e5993d67aa8
Path: data/swebench_checkouts/sphinx-doc__sphinx/sphinx-doc__sphinx-8362
✅ Build thành công 
sphinx-doc__sphinx|python|8981e84779ff87f1a058939a5d678e5993d67aa8
\nĐang build Graph cho: 
sphinx-doc__sphinx|python|9f62b9cccbd69d250ff84a3cfb346725476f83a8
Path: data/swebench_checkouts/sphinx-doc__sphinx/sphinx-doc__sphinx-9015
✅ Build thành công 
sphinx-doc__sphinx|python|9f62b9cccbd69d250ff84a3cfb346725476f83a8
\nĐang build Graph cho: 
sphinx-doc__sphinx|python|70c61e44c34b4dadf1a7552be7c5feabd74b98bc
Path: data/swebench_checkouts/sphinx-doc__sphinx/sphinx-doc__sphinx-7374
✅ Build thành công 
sphinx-doc__sphinx|python|70c61e44c34b4dadf1a7552be7c5feabd74b98bc
\nĐang build Graph cho: 
sphinx-doc__sphinx|python|4e8bca2f2ffd6e3f1a4de4403de9e4600497fc61
Path: data/swebench_checkouts/sphinx-doc__sphinx/sphinx-doc__sphinx-9999
✅ Build thành công 
sphinx-doc__sphinx|python|4e8bca2f2ffd6e3f1a4de4403de9e4600497fc61
\nĐang build Graph cho: 
sphinx-doc__sphinx|python|004012b6df0fcec67312373f8d89327f5b09a7e6
Path: data/swebench_checkouts/sphinx-doc__sphinx/sphinx-doc__sphinx-10481
✅ Build thành công 
sphinx-doc__sphinx|python|004012b6df0fcec67312373f8d89327f5b09a7e6
\nĐang build Graph cho: 
sphinx-doc__sphinx|python|82ef497a8c88f0f6e50d84520e7276bfbf65025d
Path: data/swebench_checkouts/sphinx-doc__sphinx/sphinx-doc__sphinx-8721
✅ Build thành công 
sphinx-doc__sphinx|python|82ef497a8c88f0f6e50d84520e7276bfbf65025d
\nĐang build Graph cho: 
sphinx-doc__sphinx|python|b923165d5ef289ba39bb964201d4a036eb5a5ff6
Path: data/swebench_checkouts/sphinx-doc__sphinx/sphinx-doc__sphinx-8951
✅ Build thành công 
sphinx-doc__sphinx|python|b923165d5ef289ba39bb964201d4a036eb5a5ff6
\nĐang build Graph cho: 
sphinx-doc__sphinx|python|567ff22716ac258b9edd2c1711d766b440ac0b11
Path: data/swebench_checkouts/sphinx-doc__sphinx/sphinx-doc__sphinx-9230
✅ Build thành công 
sphinx-doc__sphinx|python|567ff22716ac258b9edd2c1711d766b440ac0b11
\nĐang build Graph cho: 
sphinx-doc__sphinx|python|a82b06f2abb1226d82b18e3f85bdf19be7b9eb3f
Path: data/swebench_checkouts/sphinx-doc__sphinx/sphinx-doc__sphinx-8481
✅ Build thành công 
sphinx-doc__sphinx|python|a82b06f2abb1226d82b18e3f85bdf19be7b9eb3f
\nĐang build Graph cho: 
sphinx-doc__sphinx|python|5fb51fb1467dc5eea7505402c3c5d9b378d3b441
Path: data/swebench_checkouts/sphinx-doc__sphinx/sphinx-doc__sphinx-9673
✅ Build thành công 
sphinx-doc__sphinx|python|5fb51fb1467dc5eea7505402c3c5d9b378d3b441
\nĐang build Graph cho: 
sphinx-doc__sphinx|python|55fc097833ee1e0efc689ddc85bd2af2e77f4af7
Path: data/swebench_checkouts/sphinx-doc__sphinx/sphinx-doc__sphinx-7814
✅ Build thành công 
sphinx-doc__sphinx|python|55fc097833ee1e0efc689ddc85bd2af2e77f4af7
\nĐang build Graph cho: 
sphinx-doc__sphinx|python|ded734d5f99756033218d29c32758049adbe52d2
Path: data/swebench_checkouts/sphinx-doc__sphinx/sphinx-doc__sphinx-10807
✅ Build thành công 
sphinx-doc__sphinx|python|ded734d5f99756033218d29c32758049adbe52d2
\nĐang build Graph cho: 
sphinx-doc__sphinx|python|810a1e2988b14f4d139b5ef328a91967f5ed7a08
Path: data/swebench_checkouts/sphinx-doc__sphinx/sphinx-doc__sphinx-9464
✅ Build thành công 
sphinx-doc__sphinx|python|810a1e2988b14f4d139b5ef328a91967f5ed7a08
\nĐang build Graph cho: 
sphinx-doc__sphinx|python|a71028bf9e18cf9fb6314c8a13a467d724cd9328
Path: data/swebench_checkouts/sphinx-doc__sphinx/sphinx-doc__sphinx-8731
✅ Build thành công 
sphinx-doc__sphinx|python|a71028bf9e18cf9fb6314c8a13a467d724cd9328
\nĐang build Graph cho: 
sphinx-doc__sphinx|python|332d80ba8433aea41c3709fa52737ede4405072b
Path: data/swebench_checkouts/sphinx-doc__sphinx/sphinx-doc__sphinx-8627
✅ Build thành công 
sphinx-doc__sphinx|python|332d80ba8433aea41c3709fa52737ede4405072b
\nĐang build Graph cho: 
sphinx-doc__sphinx|python|cab2d93076d0cca7c53fac885f927dde3e2a5fec
Path: data/swebench_checkouts/sphinx-doc__sphinx/sphinx-doc__sphinx-10466
✅ Build thành công 
sphinx-doc__sphinx|python|cab2d93076d0cca7c53fac885f927dde3e2a5fec
\nĐang build Graph cho: 
sphinx-doc__sphinx|python|1f5dab6446ebe7b70d1210689026a649b74a280d
Path: data/swebench_checkouts/sphinx-doc__sphinx/sphinx-doc__sphinx-7557
✅ Build thành công 
sphinx-doc__sphinx|python|1f5dab6446ebe7b70d1210689026a649b74a280d
\nĐang build Graph cho: 
sphinx-doc__sphinx|python|3ea1ec84cc610f7a9f4f6b354e264565254923ff
Path: data/swebench_checkouts/sphinx-doc__sphinx/sphinx-doc__sphinx-8474
✅ Build thành công 
sphinx-doc__sphinx|python|3ea1ec84cc610f7a9f4f6b354e264565254923ff
\nĐang build Graph cho: 
sphinx-doc__sphinx|python|6ce265dc813f9ecb92bf1cdf8733fbada7f5c967
Path: data/swebench_checkouts/sphinx-doc__sphinx/sphinx-doc__sphinx-7615
✅ Build thành công 
sphinx-doc__sphinx|python|6ce265dc813f9ecb92bf1cdf8733fbada7f5c967
\nĐang build Graph cho: 
sphinx-doc__sphinx|python|667a188e25cb70a1c673081b066a8a90c6e8eea7
Path: data/swebench_checkouts/sphinx-doc__sphinx/sphinx-doc__sphinx-8117
✅ Build thành công 
sphinx-doc__sphinx|python|667a188e25cb70a1c673081b066a8a90c6e8eea7
\nĐang build Graph cho: 
sphinx-doc__sphinx|python|232dbe41c5250eb7d559d40438c4743483e95f15
Path: data/swebench_checkouts/sphinx-doc__sphinx/sphinx-doc__sphinx-9658
✅ Build thành công 
sphinx-doc__sphinx|python|232dbe41c5250eb7d559d40438c4743483e95f15
\nĐang build Graph cho: 
sphinx-doc__sphinx|python|69cbf7aa92b2d30a1d865de7429f6388cb94b946
Path: data/swebench_checkouts/sphinx-doc__sphinx/sphinx-doc__sphinx-9155
✅ Build thành công 
sphinx-doc__sphinx|python|69cbf7aa92b2d30a1d865de7429f6388cb94b946
\nĐang build Graph cho: 
sphinx-doc__sphinx|python|955d6558ec155dffaef999d890c2cdb224cbfbb9
Path: data/swebench_checkouts/sphinx-doc__sphinx/sphinx-doc__sphinx-8579
✅ Build thành công 
sphinx-doc__sphinx|python|955d6558ec155dffaef999d890c2cdb224cbfbb9
\nĐang build Graph cho: 
sphinx-doc__sphinx|python|327c1872841bc6a98aa766fc3d7ee921e6d3b658
Path: data/swebench_checkouts/sphinx-doc__sphinx/sphinx-doc__sphinx-7961
✅ Build thành công 
sphinx-doc__sphinx|python|327c1872841bc6a98aa766fc3d7ee921e6d3b658
\nĐang build Graph cho: 
sphinx-doc__sphinx|python|8dd84bc8aba782d924854174c5f9ad4a65cfccf1
Path: data/swebench_checkouts/sphinx-doc__sphinx/sphinx-doc__sphinx-9459
✅ Build thành công 
sphinx-doc__sphinx|python|8dd84bc8aba782d924854174c5f9ad4a65cfccf1
\nĐang build Graph cho: 
sphinx-doc__sphinx|python|9988d5ce267bf0df4791770b469431b1fb00dcdd
Path: data/swebench_checkouts/sphinx-doc__sphinx/sphinx-doc__sphinx-7748
✅ Build thành công 
sphinx-doc__sphinx|python|9988d5ce267bf0df4791770b469431b1fb00dcdd
\nĐang build Graph cho: 
sphinx-doc__sphinx|python|c75470f9b79046f6d32344be5eacf60a4e1c1b7d
Path: data/swebench_checkouts/sphinx-doc__sphinx/sphinx-doc__sphinx-7351
✅ Build thành công 
sphinx-doc__sphinx|python|c75470f9b79046f6d32344be5eacf60a4e1c1b7d
\nĐang build Graph cho: 
sphinx-doc__sphinx|python|c087d717f6ed183dd422359bf91210dc59689d63
Path: data/swebench_checkouts/sphinx-doc__sphinx/sphinx-doc__sphinx-7738
✅ Build thành công 
sphinx-doc__sphinx|python|c087d717f6ed183dd422359bf91210dc59689d63
\nĐang build Graph cho: 
sphinx-doc__sphinx|python|d5bc970dd952c2bc121918913798c151c755099a
Path: data/swebench_checkouts/sphinx-doc__sphinx/sphinx-doc__sphinx-8719
✅ Build thành công 
sphinx-doc__sphinx|python|d5bc970dd952c2bc121918913798c151c755099a
\nĐang build Graph cho: 
sphinx-doc__sphinx|python|c13ecd243709d1e210a030be5aa09b7714e35730
Path: data/swebench_checkouts/sphinx-doc__sphinx/sphinx-doc__sphinx-7597
✅ Build thành công 
sphinx-doc__sphinx|python|c13ecd243709d1e210a030be5aa09b7714e35730
\nĐang build Graph cho: 
sphinx-doc__sphinx|python|3ed7590ed411bd93b26098faab4f23619cdb2267
Path: data/swebench_checkouts/sphinx-doc__sphinx/sphinx-doc__sphinx-8713
✅ Build thành công 
sphinx-doc__sphinx|python|3ed7590ed411bd93b26098faab4f23619cdb2267
\nĐang build Graph cho: 
sphinx-doc__sphinx|python|5e6da19f0e44a0ae83944fb6ce18f18f781e1a6e
Path: data/swebench_checkouts/sphinx-doc__sphinx/sphinx-doc__sphinx-8035
✅ Build thành công 
sphinx-doc__sphinx|python|5e6da19f0e44a0ae83944fb6ce18f18f781e1a6e
\nĐang build Graph cho: 
sphinx-doc__sphinx|python|647510e184f3bb8c14d82911b6a0e1d9f8a2b15b
Path: data/swebench_checkouts/sphinx-doc__sphinx/sphinx-doc__sphinx-8771
✅ Build thành công 
sphinx-doc__sphinx|python|647510e184f3bb8c14d82911b6a0e1d9f8a2b15b
\nĐang build Graph cho: 
sphinx-doc__sphinx|python|17dfa811078205bd415700361e97e945112b89eb
Path: data/swebench_checkouts/sphinx-doc__sphinx/sphinx-doc__sphinx-9931
✅ Build thành công 
sphinx-doc__sphinx|python|17dfa811078205bd415700361e97e945112b89eb
\nĐang build Graph cho: 
sphinx-doc__sphinx|python|4f56fad7b7f5c71ffa734fd6a7a53b399a728f41
Path: data/swebench_checkouts/sphinx-doc__sphinx/sphinx-doc__sphinx-8026
✅ Build thành công 
sphinx-doc__sphinx|python|4f56fad7b7f5c71ffa734fd6a7a53b399a728f41
\nĐang build Graph cho: 
sphinx-doc__sphinx|python|f92fa6443fe6f457ab0c26d41eb229e825fda5e1
Path: data/swebench_checkouts/sphinx-doc__sphinx/sphinx-doc__sphinx-8058
✅ Build thành công 
sphinx-doc__sphinx|python|f92fa6443fe6f457ab0c26d41eb229e825fda5e1
\nĐang build Graph cho: 
sphinx-doc__sphinx|python|f050a7775dfc9000f55d023d36d925a8d02ccfa8
Path: data/swebench_checkouts/sphinx-doc__sphinx/sphinx-doc__sphinx-9698
✅ Build thành công 
sphinx-doc__sphinx|python|f050a7775dfc9000f55d023d36d925a8d02ccfa8
\nĐang build Graph cho: 
sphinx-doc__sphinx|python|6deb592a2fadbf88b7a00a332837a81a3198a830
Path: data/swebench_checkouts/sphinx-doc__sphinx/sphinx-doc__sphinx-7380
✅ Build thành công 
sphinx-doc__sphinx|python|6deb592a2fadbf88b7a00a332837a81a3198a830
\nĐang build Graph cho: 
sphinx-doc__sphinx|python|8d0fd9e74a6d44ca1a518225d9be030d91917c9b
Path: data/swebench_checkouts/sphinx-doc__sphinx/sphinx-doc__sphinx-9982
✅ Build thành công 
sphinx-doc__sphinx|python|8d0fd9e74a6d44ca1a518225d9be030d91917c9b
\nĐang build Graph cho: 
sphinx-doc__sphinx|python|195e911f1dab04b8ddeacbe04b7d214aaf81bb0b
Path: data/swebench_checkouts/sphinx-doc__sphinx/sphinx-doc__sphinx-10451
✅ Build thành công 
sphinx-doc__sphinx|python|195e911f1dab04b8ddeacbe04b7d214aaf81bb0b
\nĐang build Graph cho: 
sphinx-doc__sphinx|python|aca3f825f2e4a8817190f3c885a242a285aa0dba
Path: data/swebench_checkouts/sphinx-doc__sphinx/sphinx-doc__sphinx-7454
✅ Build thành công 
sphinx-doc__sphinx|python|aca3f825f2e4a8817190f3c885a242a285aa0dba
\nĐang build Graph cho: 
sphinx-doc__sphinx|python|609b2f2650dfea191e688ce6238ba567da551052
Path: data/swebench_checkouts/sphinx-doc__sphinx/sphinx-doc__sphinx-11109
✅ Build thành công 
sphinx-doc__sphinx|python|609b2f2650dfea191e688ce6238ba567da551052
\nĐang build Graph cho: 
sphinx-doc__sphinx|python|6cb783c0024a873722952a67ebb9f41771c8eb6d
Path: data/swebench_checkouts/sphinx-doc__sphinx/sphinx-doc__sphinx-11510
✅ Build thành công 
sphinx-doc__sphinx|python|6cb783c0024a873722952a67ebb9f41771c8eb6d
\nĐang build Graph cho: 
sphinx-doc__sphinx|python|b372a99c0158f5799338a9a1b8611626ff1d114f
Path: data/swebench_checkouts/sphinx-doc__sphinx/sphinx-doc__sphinx-8679
✅ Build thành công 
sphinx-doc__sphinx|python|b372a99c0158f5799338a9a1b8611626ff1d114f
\nĐang build Graph cho: 
sphinx-doc__sphinx|python|66e55a02d125e7b65b211a7cf9b48506195e3bf4
Path: data/swebench_checkouts/sphinx-doc__sphinx/sphinx-doc__sphinx-7854
✅ Build thành công 
sphinx-doc__sphinx|python|66e55a02d125e7b65b211a7cf9b48506195e3bf4
\nĐang build Graph cho: 
sphinx-doc__sphinx|python|2b5c55e45a0fc4e2197a9b8edb482b77c2fa3f85
Path: data/swebench_checkouts/sphinx-doc__sphinx/sphinx-doc__sphinx-9799
✅ Build thành công 
sphinx-doc__sphinx|python|2b5c55e45a0fc4e2197a9b8edb482b77c2fa3f85
\nĐang build Graph cho: 
sphinx-doc__sphinx|python|939c7bb7ff7c53a4d27df067cea637540f0e1dad
Path: data/swebench_checkouts/sphinx-doc__sphinx/sphinx-doc__sphinx-9461
✅ Build thành công 
sphinx-doc__sphinx|python|939c7bb7ff7c53a4d27df067cea637540f0e1dad
\nĐang build Graph cho: 
sphinx-doc__sphinx|python|f14561da80c263b867b51e27a75c4f9cdacfeb29
Path: data/swebench_checkouts/sphinx-doc__sphinx/sphinx-doc__sphinx-9350
✅ Build thành công 
sphinx-doc__sphinx|python|f14561da80c263b867b51e27a75c4f9cdacfeb29
\nĐang build Graph cho: 
sphinx-doc__sphinx|python|9ed054279aeffd5b1d0642e2d24a8800389de29f
Path: data/swebench_checkouts/sphinx-doc__sphinx/sphinx-doc__sphinx-9591
✅ Build thành công 
sphinx-doc__sphinx|python|9ed054279aeffd5b1d0642e2d24a8800389de29f
\nĐang build Graph cho: 
sphinx-doc__sphinx|python|bb65ea7930205ff54986136cd519c32a83407087
Path: data/swebench_checkouts/sphinx-doc__sphinx/sphinx-doc__sphinx-8020
✅ Build thành công 
sphinx-doc__sphinx|python|bb65ea7930205ff54986136cd519c32a83407087
\nĐang build Graph cho: 
sphinx-doc__sphinx|python|596dfba841a2e8c570ab8a916398140f15efd9f5
Path: data/swebench_checkouts/sphinx-doc__sphinx/sphinx-doc__sphinx-8697
✅ Build thành công 
sphinx-doc__sphinx|python|596dfba841a2e8c570ab8a916398140f15efd9f5
\nĐang build Graph cho: 
sphinx-doc__sphinx|python|ae413e95ed6fd2b3a9d579a3d802e38846906b54
Path: data/swebench_checkouts/sphinx-doc__sphinx/sphinx-doc__sphinx-8969
✅ Build thành công 
sphinx-doc__sphinx|python|ae413e95ed6fd2b3a9d579a3d802e38846906b54
\nĐang build Graph cho: 
sphinx-doc__sphinx|python|f35d2a6cc726f97d0e859ca7a0e1729f7da8a6c8
Path: data/swebench_checkouts/sphinx-doc__sphinx/sphinx-doc__sphinx-10673
✅ Build thành công 
sphinx-doc__sphinx|python|f35d2a6cc726f97d0e859ca7a0e1729f7da8a6c8
\nĐang build Graph cho: 
sphinx-doc__sphinx|python|71db08c05197545944949d5aa76cd340e7143627
Path: data/swebench_checkouts/sphinx-doc__sphinx/sphinx-doc__sphinx-11445
✅ Build thành công 
sphinx-doc__sphinx|python|71db08c05197545944949d5aa76cd340e7143627
\nĐang build Graph cho: 
sphinx-doc__sphinx|python|33610201dc7a69859b05381845ae1a11be8f9136
Path: data/swebench_checkouts/sphinx-doc__sphinx/sphinx-doc__sphinx-10320
✅ Build thành công 
sphinx-doc__sphinx|python|33610201dc7a69859b05381845ae1a11be8f9136
\nĐang build Graph cho: 
sphinx-doc__sphinx|python|66aa22f1ea9ef79034812c801432ba152ad96b41
Path: data/swebench_checkouts/sphinx-doc__sphinx/sphinx-doc__sphinx-8863
✅ Build thành công 
sphinx-doc__sphinx|python|66aa22f1ea9ef79034812c801432ba152ad96b41
\nĐang build Graph cho: 
sphinx-doc__sphinx|python|b19bce971e82f2497d67fdacdeca8db08ae0ba56
Path: data/swebench_checkouts/sphinx-doc__sphinx/sphinx-doc__sphinx-8595
✅ Build thành công 
sphinx-doc__sphinx|python|b19bce971e82f2497d67fdacdeca8db08ae0ba56
\nĐang build Graph cho: 
sphinx-doc__sphinx|python|4a9e015fc6b87fc54c7a01f94d65bcf602fefeaa
Path: data/swebench_checkouts/sphinx-doc__sphinx/sphinx-doc__sphinx-9654
✅ Build thành công 
sphinx-doc__sphinx|python|4a9e015fc6b87fc54c7a01f94d65bcf602fefeaa
\nĐang build Graph cho: 
sphinx-doc__sphinx|python|01970059760dd59d22cd6efaa17dbf0e0efbc60f
Path: data/swebench_checkouts/sphinx-doc__sphinx/sphinx-doc__sphinx-9309
✅ Build thành công 
sphinx-doc__sphinx|python|01970059760dd59d22cd6efaa17dbf0e0efbc60f
\nĐang build Graph cho: 
sphinx-doc__sphinx|python|e888a4424939fd34590e5443838709d00d8d8874
Path: data/swebench_checkouts/sphinx-doc__sphinx/sphinx-doc__sphinx-8539
✅ Build thành công 
sphinx-doc__sphinx|python|e888a4424939fd34590e5443838709d00d8d8874
\nĐang build Graph cho: 
sphinx-doc__sphinx|python|752d3285d250bbaf673cff25e83f03f247502021
Path: data/swebench_checkouts/sphinx-doc__sphinx/sphinx-doc__sphinx-7686
✅ Build thành công 
sphinx-doc__sphinx|python|752d3285d250bbaf673cff25e83f03f247502021
\nĐang build Graph cho: 
sphinx-doc__sphinx|python|31eba1a76dd485dc633cae48227b46879eda5df4
Path: data/swebench_checkouts/sphinx-doc__sphinx/sphinx-doc__sphinx-10323
✅ Build thành công 
sphinx-doc__sphinx|python|31eba1a76dd485dc633cae48227b46879eda5df4
\nĐang build Graph cho: 
sphinx-doc__sphinx|python|d6c19126c5ebd788619d491d4e70c949de9fd2ff
Path: data/swebench_checkouts/sphinx-doc__sphinx/sphinx-doc__sphinx-9231
✅ Build thành công 
sphinx-doc__sphinx|python|d6c19126c5ebd788619d491d4e70c949de9fd2ff
\nĐang build Graph cho: 
sphinx-doc__sphinx|python|487b8436c6e8dc596db4b8d4d06e9145105a2ac2
Path: data/swebench_checkouts/sphinx-doc__sphinx/sphinx-doc__sphinx-8075
✅ Build thành công 
sphinx-doc__sphinx|python|487b8436c6e8dc596db4b8d4d06e9145105a2ac2
\nĐang build Graph cho: 
sphinx-doc__sphinx|python|3a0a6556c59a7b31586dd97b43101f8dbfd2ef63
Path: data/swebench_checkouts/sphinx-doc__sphinx/sphinx-doc__sphinx-8599
✅ Build thành công 
sphinx-doc__sphinx|python|3a0a6556c59a7b31586dd97b43101f8dbfd2ef63
\nĐang build Graph cho: 
sphinx-doc__sphinx|python|630e5bd15f43c6cd91e61723f40b6c94ef622060
Path: data/swebench_checkouts/sphinx-doc__sphinx/sphinx-doc__sphinx-9246
✅ Build thành công 
sphinx-doc__sphinx|python|630e5bd15f43c6cd91e61723f40b6c94ef622060
\nĐang build Graph cho: 
sphinx-doc__sphinx|python|34d6d3bc8d24b5213d0978e6c4d839340aaafbcd
Path: data/swebench_checkouts/sphinx-doc__sphinx/sphinx-doc__sphinx-10457
✅ Build thành công 
sphinx-doc__sphinx|python|34d6d3bc8d24b5213d0978e6c4d839340aaafbcd
\nĐang build Graph cho: 
sphinx-doc__sphinx|python|e1fa6c79be8b3928c21e312a0c0e65e1cfd9a7f7
Path: data/swebench_checkouts/sphinx-doc__sphinx/sphinx-doc__sphinx-10067
✅ Build thành công 
sphinx-doc__sphinx|python|e1fa6c79be8b3928c21e312a0c0e65e1cfd9a7f7
\nĐang build Graph cho: 
sphinx-doc__sphinx|python|4dee1629901f5e5c2aefc274da42483e16770e50
Path: data/swebench_checkouts/sphinx-doc__sphinx/sphinx-doc__sphinx-11550
✅ Build thành công 
sphinx-doc__sphinx|python|4dee1629901f5e5c2aefc274da42483e16770e50
\nĐang build Graph cho: 
sphinx-doc__sphinx|python|143e7fe1e7706d454a39ad23ec91e832a8762879
Path: data/swebench_checkouts/sphinx-doc__sphinx/sphinx-doc__sphinx-8509
✅ Build thành công 
sphinx-doc__sphinx|python|143e7fe1e7706d454a39ad23ec91e832a8762879
\nĐang build Graph cho: 
sphinx-doc__sphinx|python|50d2d289e150cb429de15770bdd48a723de8c45d
Path: data/swebench_checkouts/sphinx-doc__sphinx/sphinx-doc__sphinx-7501
✅ Build thành công 
sphinx-doc__sphinx|python|50d2d289e150cb429de15770bdd48a723de8c45d
\nĐang build Graph cho: 
sphinx-doc__sphinx|python|89808c6f49e1738765d18309244dca0156ee28f6
Path: data/swebench_checkouts/sphinx-doc__sphinx/sphinx-doc__sphinx-11544
✅ Build thành công 
sphinx-doc__sphinx|python|89808c6f49e1738765d18309244dca0156ee28f6
\nĐang build Graph cho: 
sphinx-doc__sphinx|python|b56772102e138b0a5d83f02e0031eb075c854921
Path: data/swebench_checkouts/sphinx-doc__sphinx/sphinx-doc__sphinx-7831
✅ Build thành công 
sphinx-doc__sphinx|python|b56772102e138b0a5d83f02e0031eb075c854921
\nĐang build Graph cho: 
sphinx-doc__sphinx|python|318914fff21df82d9a3eb6aabedc51373d3a1d25
Path: data/swebench_checkouts/sphinx-doc__sphinx/sphinx-doc__sphinx-11266
✅ Build thành công 
sphinx-doc__sphinx|python|318914fff21df82d9a3eb6aabedc51373d3a1d25
\nĐang build Graph cho: 
sphinx-doc__sphinx|python|c17300aa7a8aafb57eac91e1e3b15a4061ff2440
Path: data/swebench_checkouts/sphinx-doc__sphinx/sphinx-doc__sphinx-11192
✅ Build thành công 
sphinx-doc__sphinx|python|c17300aa7a8aafb57eac91e1e3b15a4061ff2440
\nĐang build Graph cho: 
sphinx-doc__sphinx|python|8954770f677994cfb13d93ea6d08b13db5382e31
Path: data/swebench_checkouts/sphinx-doc__sphinx/sphinx-doc__sphinx-9104
✅ Build thành công 
sphinx-doc__sphinx|python|8954770f677994cfb13d93ea6d08b13db5382e31
\nĐang build Graph cho: 
sphinx-doc__sphinx|python|e4bd3bd3ddd42c6642ff779a4f7381f219655c2c
Path: data/swebench_checkouts/sphinx-doc__sphinx/sphinx-doc__sphinx-8506
✅ Build thành công 
sphinx-doc__sphinx|python|e4bd3bd3ddd42c6642ff779a4f7381f219655c2c
\nĐang build Graph cho: 
sphinx-doc__sphinx|python|2444c4711e9142a40dee4032bb921867c8f2b9fb
Path: data/swebench_checkouts/sphinx-doc__sphinx/sphinx-doc__sphinx-8674
✅ Build thành công 
sphinx-doc__sphinx|python|2444c4711e9142a40dee4032bb921867c8f2b9fb
\nĐang build Graph cho: 
sphinx-doc__sphinx|python|e878299cc608614e959e0e99025cccfd48de00bc
Path: data/swebench_checkouts/sphinx-doc__sphinx/sphinx-doc__sphinx-9260
✅ Build thành công 
sphinx-doc__sphinx|python|e878299cc608614e959e0e99025cccfd48de00bc
\nĐang build Graph cho: 
sphinx-doc__sphinx|python|56772395bb945099a6d5331501c179dd2831fa1c
Path: data/swebench_checkouts/sphinx-doc__sphinx/sphinx-doc__sphinx-7593
✅ Build thành công 
sphinx-doc__sphinx|python|56772395bb945099a6d5331501c179dd2831fa1c
\nĐang build Graph cho: 
sphinx-doc__sphinx|python|d1f8dddeff742ca09dca6ab829410248b919a5c5
Path: data/swebench_checkouts/sphinx-doc__sphinx/sphinx-doc__sphinx-8264
✅ Build thành công 
sphinx-doc__sphinx|python|d1f8dddeff742ca09dca6ab829410248b919a5c5
\nĐang build Graph cho: 
sphinx-doc__sphinx|python|a73617c51b9e29d7f059a2794f4574bb80cfcf57
Path: data/swebench_checkouts/sphinx-doc__sphinx/sphinx-doc__sphinx-7268
✅ Build thành công 
sphinx-doc__sphinx|python|a73617c51b9e29d7f059a2794f4574bb80cfcf57
\nĐang build Graph cho: 
sphinx-doc__sphinx|python|212fd67b9f0b4fae6a7c3501fdf1a9a5b2801329
Path: data/swebench_checkouts/sphinx-doc__sphinx/sphinx-doc__sphinx-7757
✅ Build thành công 
sphinx-doc__sphinx|python|212fd67b9f0b4fae6a7c3501fdf1a9a5b2801329
\nĐang build Graph cho: 
sphinx-doc__sphinx|python|f58771c093a1d5c692eecd6fdeddf60959b174bd
Path: data/swebench_checkouts/sphinx-doc__sphinx/sphinx-doc__sphinx-10427
✅ Build thành công 
sphinx-doc__sphinx|python|f58771c093a1d5c692eecd6fdeddf60959b174bd
\nĐang build Graph cho: 
sphinx-doc__sphinx|python|bf26080042fabf6e3aba22cfe05ad8d93bcad3e9
Path: data/swebench_checkouts/sphinx-doc__sphinx/sphinx-doc__sphinx-8095
✅ Build thành công 
sphinx-doc__sphinx|python|bf26080042fabf6e3aba22cfe05ad8d93bcad3e9
\nĐang build Graph cho: 
sphinx-doc__sphinx|python|0e89979355c6c88adb960a7272c633d5afd34e67
Path: data/swebench_checkouts/sphinx-doc__sphinx/sphinx-doc__sphinx-7234
✅ Build thành công 
sphinx-doc__sphinx|python|0e89979355c6c88adb960a7272c633d5afd34e67
\nĐang build Graph cho: 
sphinx-doc__sphinx|python|8c4865c30d5fa847d727fea16519d7afce627932
Path: data/swebench_checkouts/sphinx-doc__sphinx/sphinx-doc__sphinx-10757
✅ Build thành công 
sphinx-doc__sphinx|python|8c4865c30d5fa847d727fea16519d7afce627932
\nĐang build Graph cho: 
sphinx-doc__sphinx|python|301c7bdf57eee47426c9ad4d96392bff623ee6c3
Path: data/swebench_checkouts/sphinx-doc__sphinx/sphinx-doc__sphinx-10191
✅ Build thành công 
sphinx-doc__sphinx|python|301c7bdf57eee47426c9ad4d96392bff623ee6c3
\nĐang build Graph cho: 
sphinx-doc__sphinx|python|873d9f6fdababb96f0763f538e85921f7d332b70
Path: data/swebench_checkouts/sphinx-doc__sphinx/sphinx-doc__sphinx-10492
✅ Build thành công 
sphinx-doc__sphinx|python|873d9f6fdababb96f0763f538e85921f7d332b70
\nĐang build Graph cho: 
sphinx-doc__sphinx|python|ac2b7599d212af7d04649959ce6926c63c3133fa
Path: data/swebench_checkouts/sphinx-doc__sphinx/sphinx-doc__sphinx-10614
✅ Build thành công 
sphinx-doc__sphinx|python|ac2b7599d212af7d04649959ce6926c63c3133fa
\nĐang build Graph cho: 
sphinx-doc__sphinx|python|9a2c3c4a1559e37e95fdee88c128bb116642c897
Path: data/swebench_checkouts/sphinx-doc__sphinx/sphinx-doc__sphinx-9467
✅ Build thành công 
sphinx-doc__sphinx|python|9a2c3c4a1559e37e95fdee88c128bb116642c897
\nĐang build Graph cho: 
sphinx-doc__sphinx|python|5adc109b72ce42f6938191c7ad027a4913eaba1d
Path: data/swebench_checkouts/sphinx-doc__sphinx/sphinx-doc__sphinx-9987
✅ Build thành công 
sphinx-doc__sphinx|python|5adc109b72ce42f6938191c7ad027a4913eaba1d
\nĐang build Graph cho: 
sphinx-doc__sphinx|python|21698c14461d27933864d73e6fba568a154e83b3
Path: data/swebench_checkouts/sphinx-doc__sphinx/sphinx-doc__sphinx-8620
✅ Build thành công 
sphinx-doc__sphinx|python|21698c14461d27933864d73e6fba568a154e83b3
\nĐang build Graph cho: 
sphinx-doc__sphinx|python|533b4ac7d6f2a1a20f08c3a595a2580a9742d944
Path: data/swebench_checkouts/sphinx-doc__sphinx/sphinx-doc__sphinx-7923
✅ Build thành công 
sphinx-doc__sphinx|python|533b4ac7d6f2a1a20f08c3a595a2580a9742d944
\nĐang build Graph cho: 
sphinx-doc__sphinx|python|34f35793302571811dc0a38b4b648dff28bc31f6
Path: data/swebench_checkouts/sphinx-doc__sphinx/sphinx-doc__sphinx-7760
✅ Build thành công 
sphinx-doc__sphinx|python|34f35793302571811dc0a38b4b648dff28bc31f6
\nĐang build Graph cho: 
sphinx-doc__sphinx|python|ce6803a18679f7085561b66ec1945ed4005e2d1d
Path: data/swebench_checkouts/sphinx-doc__sphinx/sphinx-doc__sphinx-10097
✅ Build thành công 
sphinx-doc__sphinx|python|ce6803a18679f7085561b66ec1945ed4005e2d1d
\nĐang build Graph cho: 
sphinx-doc__sphinx|python|a8abb9995f71b9bc02b6f83592751c779ae0f75a
Path: data/swebench_checkouts/sphinx-doc__sphinx/sphinx-doc__sphinx-8278
✅ Build thành công 
sphinx-doc__sphinx|python|a8abb9995f71b9bc02b6f83592751c779ae0f75a
\nĐang build Graph cho: 
sphinx-doc__sphinx|python|a7462d57b414c6f75b1a456c1367cf90caa56df1
Path: data/swebench_checkouts/sphinx-doc__sphinx/sphinx-doc__sphinx-9902
✅ Build thành công 
sphinx-doc__sphinx|python|a7462d57b414c6f75b1a456c1367cf90caa56df1
\nĐang build Graph cho: 
sphinx-doc__sphinx|python|9175da437ed84e43b00ed4c28ccfe629260d3c13
Path: data/swebench_checkouts/sphinx-doc__sphinx/sphinx-doc__sphinx-8007
✅ Build thành công 
sphinx-doc__sphinx|python|9175da437ed84e43b00ed4c28ccfe629260d3c13
\nĐang build Graph cho: 
sphinx-doc__sphinx|python|a163bbe870dc5bc7f3863ead37cd391be81fb0cc
Path: data/swebench_checkouts/sphinx-doc__sphinx/sphinx-doc__sphinx-8125
✅ Build thành công 
sphinx-doc__sphinx|python|a163bbe870dc5bc7f3863ead37cd391be81fb0cc
\nĐang build Graph cho: 
sphinx-doc__sphinx|python|cc7c6f435ad37bb12264f8118c8461b230e6830c
Path: data/swebench_checkouts/sphinx-doc__sphinx/repo
✅ Build thành công 
sphinx-doc__sphinx|python|cc7c6f435ad37bb12264f8118c8461b230e6830c
\nĐang build Graph cho: 
sphinx-doc__sphinx|python|dd1615c59dc6fff633e27dbb3861f2d27e1fb976
Path: data/swebench_checkouts/sphinx-doc__sphinx/sphinx-doc__sphinx-8548
✅ Build thành công 
sphinx-doc__sphinx|python|dd1615c59dc6fff633e27dbb3861f2d27e1fb976
\nĐang build Graph cho: 
sphinx-doc__sphinx|python|d951e55bc3419dbda809ed0aca17addeed8e9e30
Path: data/swebench_checkouts/sphinx-doc__sphinx/sphinx-doc__sphinx-10360
✅ Build thành công 
sphinx-doc__sphinx|python|d951e55bc3419dbda809ed0aca17addeed8e9e30
\nĐang build Graph cho: 
sphinx-doc__sphinx|python|d59584f4096c75af4a94fb2bf70974039f7af0bb
Path: data/swebench_checkouts/sphinx-doc__sphinx/sphinx-doc__sphinx-7578
✅ Build thành công 
sphinx-doc__sphinx|python|d59584f4096c75af4a94fb2bf70974039f7af0bb
\nĐang build Graph cho: 
sphinx-doc__sphinx|python|f30284ef926ebaf04b176f21b421e2dffc679792
Path: data/swebench_checkouts/sphinx-doc__sphinx/sphinx-doc__sphinx-7985
✅ Build thành công 
sphinx-doc__sphinx|python|f30284ef926ebaf04b176f21b421e2dffc679792
\nĐang build Graph cho: 
sphinx-doc__sphinx|python|274ee481acb3394b8cb62e06d7978e297dd657f1
Path: data/swebench_checkouts/sphinx-doc__sphinx/sphinx-doc__sphinx-9665
✅ Build thành công 
sphinx-doc__sphinx|python|274ee481acb3394b8cb62e06d7978e297dd657f1
\nĐang build Graph cho: 
sphinx-doc__sphinx|python|d15a837c6108ee219d80e956fd6b8f16a833aed2
Path: data/swebench_checkouts/sphinx-doc__sphinx/sphinx-doc__sphinx-11489
✅ Build thành công 
sphinx-doc__sphinx|python|d15a837c6108ee219d80e956fd6b8f16a833aed2
\nĐang build Graph cho: 
sphinx-doc__sphinx|python|e05cef574b8f23ab1b57f57e7da6dee509a4e230
Path: data/swebench_checkouts/sphinx-doc__sphinx/sphinx-doc__sphinx-9320
✅ Build thành công 
sphinx-doc__sphinx|python|e05cef574b8f23ab1b57f57e7da6dee509a4e230
\nĐang build Graph cho: 
sphinx-doc__sphinx|python|c941b9cb14aefc132d6e3691085ce9704c1356e6
Path: data/swebench_checkouts/sphinx-doc__sphinx/sphinx-doc__sphinx-8291
✅ Build thành công 
sphinx-doc__sphinx|python|c941b9cb14aefc132d6e3691085ce9704c1356e6
\nĐang build Graph cho: 
sphinx-doc__sphinx|python|c063c9c0fe383a20da613448d1f606b9635773b9
Path: data/swebench_checkouts/sphinx-doc__sphinx/sphinx-doc__sphinx-7762
✅ Build thành công 
sphinx-doc__sphinx|python|c063c9c0fe383a20da613448d1f606b9635773b9
\nĐang build Graph cho: 
sphinx-doc__sphinx|python|6c38f68dae221e8cfc70c137974b8b88bd3baaab
Path: data/swebench_checkouts/sphinx-doc__sphinx/sphinx-doc__sphinx-9602
✅ Build thành công 
sphinx-doc__sphinx|python|6c38f68dae221e8cfc70c137974b8b88bd3baaab
\nĐang build Graph cho: 
sphinx-doc__sphinx|python|795747bdb6b8fb7d717d5bbfc2c3316869e66a73
Path: data/swebench_checkouts/sphinx-doc__sphinx/sphinx-doc__sphinx-8120
✅ Build thành công 
sphinx-doc__sphinx|python|795747bdb6b8fb7d717d5bbfc2c3316869e66a73
\nĐang build Graph cho: 
matplotlib__matplotlib|python|acad890afb1da7d071049d44ec655e0ae5b79e53
Path: 
data/swebench_checkouts/matplotlib__matplotlib/matplotlib__matplotlib-13859
✅ Build thành công 
matplotlib__matplotlib|python|acad890afb1da7d071049d44ec655e0ae5b79e53
\nĐang build Graph cho: 
matplotlib__matplotlib|python|51a1ab6c6587e1f9e255469ba2fd50fdb4e90475
Path: data/swebench_checkouts/matplotlib__matplotlib/repo
✅ Build thành công 
matplotlib__matplotlib|python|51a1ab6c6587e1f9e255469ba2fd50fdb4e90475
\nĐang build Graph cho: 
pytest-dev__pytest|python|aa55975c7d3f6c9f6d7f68accc41bb7cadf0eb9a
Path: data/swebench_checkouts/pytest-dev__pytest/pytest-dev__pytest-10051
✅ Build thành công 
pytest-dev__pytest|python|aa55975c7d3f6c9f6d7f68accc41bb7cadf0eb9a
\nĐang build Graph cho: 
pytest-dev__pytest|python|55560d9d4187feecea18b1e637f43f55912d0303
Path: data/swebench_checkouts/pytest-dev__pytest/repo
✅ Build thành công 
pytest-dev__pytest|python|55560d9d4187feecea18b1e637f43f55912d0303
\nĐang build Graph cho: 
pallets__flask|python|d8c37f43724cd9fb0870f77877b7c4c7e38a19e0
Path: data/swebench_checkouts/pallets__flask/pallets__flask-4045
✅ Build thành công 
pallets__flask|python|d8c37f43724cd9fb0870f77877b7c4c7e38a19e0
\nĐang build Graph cho: 
pallets__flask|python|4cae5d8e411b1e69949d8fae669afeacbd3e5908
Path: data/swebench_checkouts/pallets__flask/repo
✅ Build thành công 
pallets__flask|python|4cae5d8e411b1e69949d8fae669afeacbd3e5908
